split,ood_tag,method,threshold,score,true_label,pred_label,text
ID,ood_csv_ood_data,maha,-9827.423779,-28417.205078,영양건강,영양건강,"[E/R]미국 Abbott Laboratories, 미숙아에게 심각한 부작용 우려로 프로바이오틱스 회수 -지역: 미국 Alabama, Arkansas, Arizona, California, Colorado, Connecticut, Florida, Georgia, Iowa, Idaho, Illinois, Indiana, Kentucky, Louisiana, Massachusetts, Maryland, Maine, Michigan, Minnesota, Missouri, Mississippi, Montana, North Carolina, North Dakota, Nebraska, New Jersey, New Mexico, Nevada, New York, Ohio, Oklahoma, Pennsylvania, South Carolina, South Dakota, Tennessee, Texas, Utah, Virginia, Washington, Wisconsin, West Virginia-제품명: Similac Probiotic Tri-Blend - 0.017oz (0.50g) (호일 포장, 상자 당 50개입, 케이스 당 3상자. Lot No. 45002IP, 제품 No. 67397, Best By 09/01/24)-회수사: Abbott Laboratories (회수중, 회수일: 10/31/2023)-회수사유: 미숙아에게 심각한 부작용"
ID,ood_csv_ood_data,maha,-9827.423779,-22954.994141,영양건강,영양건강,"싱가포르, 식품 중 당류 저감화 계획 수립 중 싱가포르 보건진흥위원회(HPB)가 식품 제조업체와 외식업소를 대상으로 식품 중 당류 저감화를 위한 지침을 마련 중임. 보건진흥위원회는 쌀이나 면, 사탕수수같이 정제된 탄수화물이 전체 탄수화물 섭취량의 절반을 넘어섰고, 전체 탄수화물을 통한 당류 섭취량 22% 가량을 17%까지 저감화시킬 예정이라고 말했음. 이 외에도 사탕수수를 건강에 좋은 대체원으로 바꾸는 방법도 모색 중인데 정제당을 과일과 채소에서 자연적으로 얻은 이소말툴로오스나 알루로오스처럼 신소재 당류로 부분 대체하는 방안을 이상적으로 보고 있음. 이 외에도 디저트의 당분을 이눌린이나 올리고과당 등의 식물성 식이섬유로 바꾸고, 외식업소들도 이러한 대체당을 활용하는 방법도 생각 중임. 그러나 식품 중 당류를 바꾸는 일은 식품의 화학 조성에 영향을 주어 풍미와 질감도 좌우될 수 있음. 한편, 싱가포르 보건부는 지난 10월 중순, 보건진흥위원회 및 산업체와 음료 중 당류 함량을 논의하는 자리를 가진 바 있으며, 이후 식음료 7대 대기업이 2020년까지 가당음료 당류 12%로 저감화하겠다는 발표를 내놓기도 했음. 더 나아가 싱가포르 정부는 한층 건강하고 당류 함량이 적은 음료를 모든 정부 기관에서 판매하는 범정부 건강 음료 정책을 펼치기도 했음."
ID,ood_csv_ood_data,maha,-9827.423779,-12045.233398,영양건강,화학적 위해요소,"미국 펜실베니아주 하원, 통학버스 운전수의 알레르기 처방 법안 통과 미국 펜실베니아주 하원은 지난 주, 학생 건강 및 안전 법안(Student Health and Safety Bill)을 통과시켰음. 입안자 저스틴 시몬스는 학교통학버스 운전수가 알레르기 반응을 겪고 있는 학생에게 주사형 의약품인 에피네프린(epinephrine)을 투여하는 것을 허용하는 법안을 작성했음.    시몬스의 법안은 버스 운전수가 최초로 주 보건부가 제공할 교육 프로그램을 이수할 것을 요구함. 또한 운전수는 에피네프린을 사용하기 위해 학군 지침을 준수할 것이 요구됨. 에피네프린 사용에 적용되는 버스 운전수에게는 시 특혜가 제공될 것임. 현재 미국내 다른 학군에서는 운전수가 에피네프린을 사용하는 것을 허용하고 있으나 일부 운전수들은 소송에 대한 우려로 탑승한 학생들에게 에피네프린을 사용하는 것을 주저하기도 함. 시몬스는 상원 위원회의 법안 표결을 기다리고 있으나 아직 위원회에 상정되지는 않았다고 밝혔음."
ID,ood_csv_ood_data,maha,-9827.423779,-37105.070312,안전위생,안전위생,"유럽집행위원회, 토양 오염 예방 관련 새로운 전략 수립을 위한 공개 의견 수렴 실시 유럽집행위원회는 토양 오염 예방을 위한 새로운 전략 개발을 위하여 온라인 공개 의견 수렴 절차(*)를 개시하였음. 건강한 토양은 기후 중립성, 생물 다양성 확보, 무공해(zero pollution), 건강하고 지속 가능한 식량 시스템 및 탄력적인 환경과 같이 유럽 그린딜(European Green Deal)이 추구하는 목표를 달성하는 데 필수적임.그러나 유럽의 토양은 지속 불가능한 관리, 과잉 착취, 기후 변화 및 오염으로 인하여 악화되고 있으며, 이러한 이유를 들어 EU 생물 다양성 전략 2030은 2021년도에 새로운 전략을 채택하겠다고 밝힌 바 있음.토양 비옥도와 유기물을 증가시키고 침식을 줄이는 방법을 강구하기위해서 시민, 단체 및 관련 이해관계자는 2021년 4월 27일까지 총 12주 동안 공개 의견 수렴에 참가하여 피드백을 제시하기 바람.(*) https://ec.europa.eu/info/law/better-regulation/have-your-say/initiatives/12634-Healthy-soils-new-EU-soil-strategy"
ID,ood_csv_ood_data,maha,-9827.423779,-33862.453125,안전위생,안전위생,"캐나다 밴쿠버 보건 당국, 식당서 '플라스틱 쌀' 제공했다는 루머는 낭설 중국에서 들여온 '가짜 플라스틱 쌀'이 캐나다 밴쿠버의 한 아시아 식당에서 제공되었다는 동영상이 소셜 미디어에서 회자되었음. 그러나 지역 보건 당국은 이에 대해 근거가 없다고 일축했음. '이스트 밴쿠버' 식당에서 테이크아웃한 음식에 플라스틱 쌀이 들어있다는 동영상이 유투브 사이트에 게재되면서 진위 여부가 물망에 올랐음.  이에 밴쿠버 보건부는 환경보건팀이 논란을 조사했으며, 식당에서 제공한 쌀은 승인 받은 식품 업체가 납품한 것으로 논란을 입증할 만한 근거가 없었다고 말했음. 한편, 캐나다 식품검사청은 플라스틱 쌀과 관련한 소비자 불만 사례 접수건이 없었다고 밝혔음.  '가짜 쌀' 논란은 지난달 소셜 미디어에서 불거지기 시작했으며, 나이지리아 당국은 지난 12월 가짜 쌀이 의심되는 2.5톤 분량을 압류하기도 했음. 아직 나이지리아 당국이 조사 결과를 발표하지는 않았으나 중국에서 밀수된 것으로 보고 있음."
ID,ood_csv_ood_data,maha,-9827.423779,-34348.996094,신규 위해요소,표시광고,"미국 농무부장관, 스마트폰으로 GMO 등 식품의 정보 확인 가능할 것 유전자 변형(GM) 식품에 대해 항상 까다로운 논란에 있어, 농무부 장관 탐 빌삭은 '스마트폰을 사용하라'는 아이디어를 제시함. 장관은 수요일(현지 시각), 농업부문 지출에 대한 하원 청문회에서 소비자가 식료점의 바코드를 스캔하거나 식품 포장에 붙은 다른 심볼을 스캔하는데 스마트폰을 사용할 수 있다고 의원들에게 말했음. 식품의 원료에 GMO가 포함되어 있는지 여부와 같은 모든 부류의 정보가 검색될 것임. 식품의약품청(FDA)은 대부분의 식품 포장 표시를 관할하고 있어, 장관의 아이디어는 공식적인 제안은 아님. 하지만, 장관은 자신의 제안이 GMO를 확인하는 포장 라벨을 주장하는 자와 식품 업계 간의 논란을 막을 수 있다고 제안했음. 그는 이전에도 바코드에 대한 아이디어를 언급한 바 있지만, 이에 대해 의회가 더 많이 개입되어야 현실화가 될 수 있다고 전했음.  2014년, 버몬트주에서는 GMO표시법이 통과되었고, 식품 업계들의 위헌 소송을 극복하게 되면 후년에 시행될 예정임. 전국적인 'Just Label It' 캠페인 대표인 스캇 페이버씨는 대부분의 소비자가 바코드 또는 QR 코드를 어떻게 사용하는지를 모른다고 언급하면서 장관의 아이디어에 동의하지 않았음. 이 같은 우려사항에 대해 장관은 상점 내에 스캐너를 활용할 수도 있다고 과거에 말했던 바 있음.  장관은 일부 식품업체가 이 아이디어를 수용적으로 받아들이고 있다고 전했으나 업체명은 언급하지 않았음. 한편, 이에 대해 FDA 대변인은 농무부 장관의 아이디어는 현재 FDA에서 논의가 이루어지지 않고 있다고 전했음. FDA는 유전자 변형 식품에 대한 표시를 요구하고 있지 않으며 GMO 식품이 안전하다고 밝히고 있음."
ID,ood_csv_ood_data,maha,-9827.423779,-38080.480469,물리적 위해요소,물리적 위해요소,"[E/R]미국 California Natural Products, 향과 맛이 변질된 단백질보충제 회수 -지역: 미국 FL, CO, VA, PA, NY. MI, TX, NC, AR, WI, AL, CA, OH, OR, LA, KY, UT, DE-제품명: equate High Performance Protein Shake: Chocolate, Naturally  Artificially Flavored, ready to drink; 11 FL OZ (325 mL),12 포장 케이스 단위로 판매 Case UPC: 6 81131 01580 6, Lot L180980D, Lot L180990D: 03/01/2019 및 04/01/2019-유통사: Wal-Mart, Inc. -회수사: California Natural Products (회수중, 회수일 7/20/2018)-회수사유: 향과 맛 변질 보고에 따라 두 개 로트 회수"
ID,ood_csv_ood_data,maha,-9827.423779,-19559.460938,신규 위해요소,영양건강,"미국 비영리기관 '유전교육프로젝트', 이데올로기와 기술적 장벽에 직면한 유전자 변형 황금쌀 인도, 방글라데시, 인도네시아, 필리핀과 같은 남부 및 남동 아시아국가에 있어 쌀은 일일 열량섭취량의 70%를 차지하는 주식임. 이들 대부분의 아시아 국가에서 50만명이 넘는 어린이들이 비타민 A 결핍으로 시력을 잃고 있으며 이들 중 실명에 걸린 어린이 절반은 비타민 A 결핍으로 인해 면역체계가 정상적으로 작용하지 못해 1년 내에 사망하기도 함. 이는 황금쌀 프로젝트를 주도하게된 인도주의적 위기임. 황금쌀은 비타민 A의 전구체인 베타 카로틴을 만들도록 유전적으로 디자인되었음. 네이처(Nature)지의 이번 발행판인 포괄적인 혁신 역사에서는 이 유전자 변형 쌀이 문제를 해결할 이상적인 방책으로 여겨짐에도 불구하고 황금쌀 개발은 정치적 및 기술적 문제로 인해 정체되어 있다고 전함. 네이처지에는 다음과 같은 글이 실려 있음. 온실에서 포장(field)까지 황금쌀의 여정에는 몇 가지 기술적 문제들이 뒤따라왔음. 불행하게도, 포장 검사에 선정된 황금쌀계통은 자라지 못했을 뿐 아니라 어려움에 봉착한 농민들을 설득하는데도 한계가 있었음. 과학적 문제는 해결될 수 있지만 유전자 변형 생물체(GMO)에 대한 국민들의 두러움은 커다란 장애물이 될 것임. 과학계에서 다수의 연구결과가 이러한 우려사항을 누그러뜨린다고 지적하지만, 유럽과 북아메리카의 운동단체들은 GMO의 환경학적 영향력과 건강에 대한 위험성에 우려와 의구심을 제기하면서 그 양상을 갖추어가고 있음. 한편, 환경보호단체 그린피스(Greenpeace)의 자넷 코터(Janet Cotter) 과학자는 황금쌀의 안전성에 대해 확언하기에는 시기상조라고 생각한다고 함. "
ID,ood_csv_ood_data,maha,-9827.423779,-12371.846680,안전위생,생물학적 위해요소,"미국, 식용곤충에 대한 규제 승인 필요해 코로나19 사태와 세계 식품 위기의 위협이 커짐에 따라, 유럽식품안전청(EFSA)은 곧 식용 곤충의 판매를 승인할 것으로 예상됨. 그러한 결정은 세계 식품공급에 대한 코로나19의 위협이 국가의 육류 부족을 초래할 수 있다는 점에서 미국의 식용 곤충 규제의 미래에 대한 새로운 시각을 불러일으킬 것으로 보임. 최근 코로나19로 주요 육류 공장의 폐쇄되어 미국의 육류 생산이 제한되고 있는 반면 소비자의 수요는 증가하고 있음. 코로나바이러스의 대유행은 농업 부분 및 식품 생산과 관련된 다른 부분에 대해 직접적으로 영향을 주고 있기 때문에, 식용곤충산업체의 구성원들은 유럽연합이 오랫동안 기다려온 특정 식용 곤충의 판매 승인에 대해 찬사를 보냈으며, 유럽연합의 예상된 규제가 ""눈덩이 효과""를 가져오기를 바라고 있음. 유럽연합의 승인으로 미국에 그러한 눈덩이 효과가 만들어질 수 있음. 곤충의 풍부한 단백질, 비타민 및 무기질 함량은 어류 및 육류에 비할 만하며, 코로나19 위기 동안 미국 육류 생산의 빈자리를 채울 수 있을 것임. 그러나 미국에서 식용곤충에 대한 연방 규제는 이루어지지 않고 있으며 식용 곤충은 미국 식품의약품청(FDA)의 감독 하에 있음. 그러나 FDA는 식용 곤충 규제에 관심이 집중되어 있지 않으며 오히려 곤충을 ""불순물""로 규제하고 있음. 식용 곤충에 대한 효과적 규제의 가장 큰 장벽은 FDA의 침묵임. FDA는 식품으로 이용하는 곤충에 대한 질문을 수십 년간 받아왔으나 식품원료로 규제하기 위하여 미미한 진전만이 있었음. 세계 식품 공급을 위협하는 이러한 세계 보건 위기에는 특히 식용 곤충의 잠재성이 더 시급한 규제 조치를 요구하는 것처럼 보일 수 있음."
ID,ood_csv_ood_data,maha,-9827.423779,-15831.711914,신규 위해요소,신규 위해요소,"유엔식량농업기구, '유전자편집과 식품안전' 자료 게재 유엔식량농업기구(FAO)는 '유전자편집과 식품안전: 국제식품규격위원회 작업에 대한 기술적 고려사항 및 잠재적 관련성' 자료를 게재함.(*) FAO는 '유전자편집과 농식품 시스템(2022)'에서 유전자편집 기술이 저중소득 국가 동식물 육종에 있어서 유망하고 새로운 도구가 될 수 있다고 한 바 있음.실제 유전자편집은 지속가능성과 기후변화 회복력에 기여할 뿐만 아니라 식량 생산과 품질을 높이기 위한 다양한 특성 개발에 사용될 수 있음. 그러나 모든 신기술과 마찬가지로, 규제 기관의 철저한 분석이 있어야 제품의 안전성을 알 수 있음. 이에 FAO는 이번 자료에서 식품 생산에 유전자편집을 적용할 때 발생할 수 있는 식품안전 문제에 대한 최신 검토를 하였음. 식품안전 평가를 위한 기존 국제식품규격위원회 문서의 잠재적 적용 가능성에 대한 검토 또한 담고 있음. 자료는 식품안전 관할 당국의 유전자편집 파생 제품 정책과 규제 기준 개발 및 시행을 위한 주요 고려 사항을 다룸. (*) FAO. 2023. Gene editing and food safety – Technical considerations and potential relevance to the work of Codex Alimentarius. Rome https://www.fao.org/3/cc5136en/cc5136en.pdf"
ID,ood_csv_ood_data,maha,-9827.423779,-12402.617188,안전위생,화학적 위해요소,"[회수]캐나다 La Pimenterie Inc., 내부 뚜껑 결함으로 살사 회수 - 최초 발표 일자: 2024-06-20 (최신 업데이트 일자: 2024-06-19)- 유통지역: 캐나다 Quebec- 회수사: La Pimenterie Inc.- 제품 정보: 브랜드 ; 제품 ; 크기 ; 코드 ; UPC1) MTL Gringo ; Mild Black Beans  Corn Salsa ; 435 ml ; GS-181, GS-186, GS-192, GS-195 ; 6 28678 80905 52) MTL Gringo ; Medium Black Beans  Corn Salsa ; 435 ml ; GS-182, GS-183, GS-187, GS-190, GS-196 ; 6 28678 80904 83) MTL Gringo ; Hot Black Beans  Corn Salsa ; 435 ml ; GS-184, GS-188, GS-189, GS-191 ; 6 28678 80906 24) MTL Gringo ; Mango Black Beans  Corn Salsa ; 435 ml ; GS-185, GS-193 ; 6 28678 80906 2- 회수사유: 내부 뚜껑 결함- 제품사진: -"
ID,ood_csv_ood_data,maha,-9827.423779,-10426.784180,물리적 위해요소,물리적 위해요소,"미국 FBI, GNP(사)의 닭가공품 회수 관련 직원 조사 착수 *6.18 기수집 회수정보 관련(*[회수]미국 GNP Company, 모래 등 오염 가능성으로 닭고기 가공품 회수) GNP(사)가 55,000 파운드의 닭고기 제품 회수를 유발시킨 직원을 적발했다고 오늘(현지시간), 지역언론지 ' St. Cloud Times'에 업체 대변인이 전했음. 현재 미 연방수사국(FBI)의 조사가 진행되고 있음. 6월 18일(현지시간), 미네소타주에 소재한 해당 업체는 흙 및 모래 오염 가능성으로 55,608 파운드의 닭고기 가공품 회수를 발표했음. 회수품의 대부분이 교육기관거래업체에 판매되었으나, 소비/냉동일자가 June 26인 'Just BARE Whole Chicken'이 유일하게 소매상점에서 판매되었음. 고의적으로 제품을 오염시킨 해당 직원은 해고처리되었음. 어떠한 혐의제기나 체포도 지금까지 이루어지지 않았음."
ID,ood_csv_ood_data,maha,-9827.423779,-14001.273438,안전위생,안전위생,"영국 환경식품농촌부, 국경 목표운영모델 정보와 관련한 홍보자료 안내 영국 환경식품농촌부 Defra는 그레이트브리튼(GB: 잉글랜드, 스코틀랜드, 웨일스)의 수입업자 및 EU, 아이슬란드, 리히텐슈타인, 노르웨이, 스위스 수출업자를 대상으로 국경 목표운영모델(Border Target Operating Model)과 관련한 자료들을 아래와 같이 안내함. 국경 목표운영모델은 그레이트브리튼으로 수입되는 살아있는 동물, 동물성 제품, 식물 및 식물성 제품 위생 및 식물위생 관리에 대한 새로운 접근방식을 제시함.  >국경 통제소 - 식물 및 식물 제품: https://assets.publishing.service.gov.uk/media/65859a77fc07f300128d4702/Defra_Border-Control-Posts-Plants-and-Plant-Products-Leaflet.pdf>복합식품 의사 결정 트리: https://assets.publishing.service.gov.uk/media/65859a84ed3c34000d3bfdf0/Defra_Composite-Products-Decision-Trees-Leaflet.pdf>위생증명서: https://assets.publishing.service.gov.uk/media/6585b33723b70a000d234ea5/Defra-Health-Certificates-Leaflet.pdf>IPAFFS를 사용한 수입 통지: https://assets.publishing.service.gov.uk/media/65859ab723b70a0013234e7c/Defra_Import-Notifications-using-IPAFFS-Leaflet.pdf>식물위생 인증서: https://assets.publishing.service.gov.uk/media/65859ac823b70a000d234e7f/Defra_Phytosanitary-Certificates-Leaflet.pdf"
ID,ood_csv_ood_data,maha,-9827.423779,-15931.455078,안전위생,안전위생,"호주 공영방송, 2011년부터 허브 보충제 관련해 최소 6명이 장기이식 받은 것으로 보여 호주 공영방송 'ABC'는 지난 5년간 호주에서 최소 6명이 허브 보충제를 복용한 이후에 장기이식을 받아야 했다고 보도했음. 이 방송은 장기 기증관련 자료를 통해 2011년 이후 허브 보충제 복용 이후 병을 얻은 사람에게 각각 세 건의 간 이식과 신장 이식이 이루어진 것으로 나타났다고 전했음. 이번 보도자료는 웨스트 오스트레일리아에 거주하던 한 남성이 본 방송사에 녹차와 가르시니아 캄보지아라는 열대 과일이 들어간 단백질 분말을 복용한 것이 자신의 간에 문제가 생긴 이유인 것 같다고 밝힌 것과 관련됨. 장기 기증관련 기관들은 이 자료는 장기 이식으로 이어진 개연성이 있는 근거를 의사들이 확인할 수 있어 문서화한 사례들만 언급하고 있다고 본 방송사에 전했음. 단, 이들 자료에서는 장기 손상을 일으킨 허브 보충제의 종류에 관한 것이나 질환 원인이 확실성 여부는 명시하지 않고 있음. 간 이식 전문가인 닉 새클 박사는 허브 보충제와 관련한 간부전 및 간 이식 사례를 다수 다룬 경험이 있다면서 많은 사례의 환자들이 녹차추출물을 섭취했었다고 함. 한편, 호주식품의약품안전청(TGA)은 검토 확대 일환으로 간부전 사례를 조사하고 있음. 청 대변인은 장기 기증 관련자료를 얻기 위해 관계기관과 접촉할 예정이며 보충의약품에서 특정 허브 추출물의 허용기준치를 축소 등의 조치를 포함시킬 가능성이 있다고 전했음."
ID,ood_csv_ood_data,maha,-9827.423779,-21656.578125,신규 위해요소,신규 위해요소,"영국 정부 과학고문, 상원에 유전자편집 법안 제출... 향후 10년 내 세계 식량안보 강화 기대 영국 환경식품농촌부 과학고문 헨더슨 교수(Prof Gideon Henderson)가 유전자 편집은 앞으로 10년 안에 전세계 식량안보를 획기적으로 높이고 화학비료와 살충제에 대한 의존도를 줄일 수 있다고 함. 상원에 유전자 기술 관련 법안을 제출하기 전 헨더슨 교수는 엄격한 규제 하의 유전자변형 생물(GMO)과 유전자 편집이 다르게 취급될 수 있도록 함으로써 유전자 편집 제품 개발과 상용화를 가속화하는 더 단순한 규제 프레임워크 구축을 목표로 하고 있다고 밝힘. 그는 유전자편집이 기후 위기, 해충, 질병에 더 강한 작물 생산에서부터 세계 기아 퇴치에 도움이 될 수 있는 농작물 수확량 증가에 이르기까지 수많은 이점을 가져올 수 있다고 함. 또한 비타민 D가 풍부한 토마토와 같은 영양가가 있는 작물을 만드는데 사용될 수 있음. 식품 표시는 또 다른 문제인데 법안이 통과될 경우 잉글랜드에만 적용되어 브렉시트 이후 GMO 농산물 생산 및 판매 금지를 유지하는 스코틀랜드 및 웨일스 정부와 갈등을 빚을 수 있음."
ID,ood_csv_ood_data,maha,-9827.423779,-17729.066406,표시광고,표시광고,"[E/R]미국 Keurig Dr Pepper, Inc., 포장오류로 커피 제품 회수 -지역: 미국 New York, Connecticut, Pennsylvania, Maine, Massachusetts-제품명: Newman's Own Organics, Newman's Special Decaf Medium Roast, Ground Coffee, 10 oz.(SKU: 099555395662 (bar code); Best by Date: 21 JUN 2021 및 22 JUN 2021)-회수사: Keurig Dr Pepper, Inc. (회수중, 회수일: 8/25/2020)-회수사유: Newman s Own Organics에 포장된 로스트 분쇄 커피에는 일반 비유기농 커피가 들어 있음."
ID,ood_csv_ood_data,maha,-9827.423779,-24720.328125,안전위생,안전위생,"[E/R]미국 Sea World, LLC, 어류 부패로 도미 필렛 회수 -지역: 미국 국내 전용(푸에르토리코)-제품명: Crimson Snapper Fillet, Natural Cut CO Treated, Net WT 10 LBS, 용량 10/12 oz(Lot # 04008850981, Best by Date: 11-27-2022, Item # 307353)-회수사: Sea World, LLC (회수중, 회수일: 3/22/2021)-회수사유: 어류 부패"
ID,ood_csv_ood_data,maha,-9827.423779,-10790.688477,안전위생,안전위생,"유럽집행위원회, 유럽 식량 안보 위기 준비 및 대응 매커니즘 회의 개최 유럽집행위원회는 오늘(3월 9일), 에너지 및 투입 가격 상승과 우크라이나 전쟁에 따른 식량 안보 영향과의 영향을 논의하기 위해 신설된 유럽 식량 안보 위기 준비 및 대응 매커니즘(EFSCM)(*)의 첫 회의를 가졌음.  EU 및 인접 비EU 국가의 전문가뿐 아니라 농업 및 어업인, 식품 가공업자, 무역업자, 소매업자, 소비자, 푸드 뱅크, 식품 운송 서비스 등의 대표자로 구성된 이 그룹은 2021년 11월에 팜 투 포크 전략에 따라 채택된 '위기 상황에서의 식품 공급 및 식량 안보를 위한 비상 계획(**)'을 따름. 본 회의는 불확실성의 정도를 최소화하고, 모든 수준의 대응을 조정하며, 우선순위를 신속하게 식별하기 위해 전체 식품 공급망에서 더 나은 정보 흐름을 보장하는 것을 목표로 하고 있으며, EFSCM 전문가 그룹은 식량 안보 위기에 대한 EU의 준비 태세 개선을 위해 3월 23일에 다시 모일 예정임. (*) https://ec.europa.eu/info/food-farming-fisheries/key-policies/common-agricultural-policy/market-measures/agri-food-supply-chain/contingency-plan_en(**) https://ec.europa.eu/commission/presscorner/detail/en/ip_21_5903"
ID,ood_csv_ood_data,maha,-9827.423779,-16328.625000,신규 위해요소,신규 위해요소,"유럽식품안전청, 세포배양식품 안전성 관련 과학적 평가에 대비할 것... 현재까지 안전성 평가 요청받은 사례는 없어 유럽식품안전청(EFSA)에 따르면, 세포배양육, 미생물에서 추출한 유단백 등의 잠재적 신규 식품(new foods) 배후에는 세포배양(cell culture), 조직공학(tissue engineering) 및 정밀발효(precision fermentation)의 혁신적인 신기술이 존재함. 이와 관련하여 EFSA는 2023년 5월 11일부터 12일까지 양일 간 과학 콜리키움(*)을 개최하여 주요 과학자, 유럽·국제·국가 기관의 대표, 기술기업 및 식품사업자, 소비자단체, 그리고 동 이슈에 관심이 있는 다양한 개인 및 기타 조직으로부터 의견을 모은다고 밝혔음. EFSA의 목표는 이러한 새로운 식품 기술의 안전성을 평가하기 위한 기준을 설정할 때, 모든 최신 과학 지식과 위해평가 요소를 고려하는 것이며, 이와 관련하여 생산자 및 더 넓은 사회와 소통하기를 원함.  [신기술로 생산된 식품 및 식품 원료는 안전한가]세포배양 및 조직공학과 같은 신기술을 사용한 식품을 포함하여 신소재식품(novel foods)의 안전성을 평가하는 것은 EFSA의 역할임. EFSA의 신소재식품 분야 선임연구원이자 콜로키움 총괄 보고자인 Wolfgang Gelbmann은 ""지금까지 EFSA는 배양된 동물 세포에서 추출한 식품, 즉 '연구실 생산 육류(lab-grown meat)'로 일컬어지는 식품을 평가해달라는 요청을 받은 적이 없다""라며, ""그러나 EFSA는 정밀발효를 통해 생산된 몇 가지 신소재식품 원료를 평가했다""라고 말했음. 또한 ""앞으로 몇 달, 몇 년 안에 세포배양식품에 대한 신소재식품 신청서가 접수될 것으로 예상한다""며, ""따라서 EFSA는 이러한 신청이 들어올 때를 대비하기 위해 최신 과학 기술 정보를 계속해서 수집하고 있다""라고 설명하였음.  [세포배양식품의 시판은 누가 결정하는가]독립적 과학 자문 기관인 EFSA는 유럽연합(EU)의 의사결정에 관여하지 않으며 세포배양식품과 같은 새로운 식품 기술의 사용에 대해 찬성하거나 반대하지 않음. EFSA의 평가는 유럽의 소비자를 위해 해당 식품의 안전성에 대한 과학적 정보를 제공함. 신소재식품의 시판 허가 및 라벨링 요건에 대한 결정은 EU 규제 기관, 즉 EU 집행위원회와 EU 회원국이 함께 내림. 규제 당국은 소비자의 안전을 최우선으로 고려하지만, 경제· 동물복지·사회 및/또는 기타 측면도 고려하여 결정할 수 있음. EU 집행위원회는 이전에 세포 배양 기술이 공정하고, 안전하며, 건강하고, 환경적으로 지속가능한 푸드 시스템을 위한 EU의 '농장에서 식탁까지(farm to fork)' 전략의 목표를 달성하는 데 기여할 수 있는 잠재적 요소라고 밝힌 바 있음. (*) EFSA의 과학 콜리키움 27 '세포배양 식품 및 식품원료': https://www.efsa.europa.eu/en/events/efsas-scientific-colloquium-27-cell-culture-derived-foods-and-food-ingredients"
ID,ood_csv_ood_data,maha,-9827.423779,-13998.802734,안전위생,안전위생,"유럽 언론, EU 내 유기농식품 인정요건 및 구매 방법 등에 대해 설명해  유럽 언론 유로뉴스(Euronews)는 EU에서 유기농식품 판매는 최근 10년 동안 2배 이상 증가했지만 여전히 '유기농(Bio)'이 무엇을 뜻하는지 제대로 알지 못하는 사람들이 많다며, 유기농식품으로 인정받기 위한 요건 등에 대해 다음과 같이 보도했음. 유기농식품으로 인정받기 위한 요건 -No 합성 비료 : 유기농 식품은 퇴비 등의 천연비료를 사용해 생산되어야 함. 질소, 인, 포타슘 등이 함유된 합성비료는 주로 일반적인 농업 방식에서 사용됨. -No 합성 농약 : 유기농법으로 작물 재배 시 식물, 동물, 미생물, 미네랄로 만든 천연 농약만 사용할 수 있음. 과학위원회가 환경에 미치는 영향에 대한 평가를 한 후 천연농약 사용을 허가함.  또한 유기농법에서는 토양의 질병 전염 방지를 위해 윤작이 이뤄지며, 진드기 퇴치를 위해서 무당벌레 등이 이용되기도 함.-No 유전자변형 식품 : 유기농 식품 인증을 받기 위해선 유전자변형 작물 유래 물질을 함유하고 있지 않아야 함. 유기농 육류 및 다른 사육제품도 마찬가지이며, 유기농업 농가에서는 100% 유기농 사료로 동물을 사육해야 함.  - 항생제는 최후의 수단으로만 사용: 유기농업 농가에서의 항생제 사용은 엄격히 제한됨. 고통을 덜어 줄 목적으로, 또는 천연 치료제가 효과적이지 않을 때에는 동물의 건강을 위해 절대적으로 필요한 경우에 항생제를 사용할 수 있음. 일반적인 사육농가에서는 항생제가 예방수단으로서 사용되나, 유기농업 농가에서는 최후의 수단으로 사용되는 것. 한편 최근 연구들에 따르면 항생제 사용이 줄고 있는 것으로 나타남. EU 내 동물 항생제 판매는 2011년~2018년간 34% 이상 감소했음. - 더 나은 동물후생 보장 :유기농업 농가에서는 적절한 외부공간을 제공하는 등 동물 본연의 특성을 드러낼 수 있도록 필요한 환경적 조건을 동물에 제공해야 함. 일반 사육농가에서는 이러한 점이 의무적인 사항은 아님. 이 외에 유기농업 농가에서는 동물 우리 설치가 금지되고, 절대적으로 건강을 위한 경우에만 동물을 절단할 수 있음.   유기농 식품에 대한 오해 -유기농식품은 로컬푸드 (X) : 유럽인의 유기농식품을 소비량은 전세계 2위를 차지함. 수요가 많은 만큼 많은 양의 유기농식품이 수입되고 있음. 따라서 유기농식품이 모두 로컬푸드는 아님. EU의 주요 유기농식품 교육국은 중국, 우크라이나, 도미니카공화국, 에콰도르임. - 친환경 표시는 유기농식품이라는 뜻 (△) : 제품 포장에 ‘내추럴(natural)’, ‘그린(green)’, ‘에코(eco)’ 표시가 해당 제품이 100% 유기농 제품이라는 뜻은 아님. - 유기농식품은 건강한 식품(△) : 유기농식품의 종류는 햄버거, 피자, 치즈, 와인 등 매우 다양함. 유기농식품이라고 해서 지방, 나트륨, 당이 없다는 뜻이 아니므로, 유기농식품 여부를 떠나 해당 성분들이 과다 함유된 식품은 건강에 해로움.  '진짜' 유기농 식품 구매 방법EU 공식 로고 표시가 있는지 확인할 것. EU 공식 로고는 식품의 생산, 가공, 제조, 유통과정에서 모든 유기농 관련 규정을 준수했으며, 제품에 유기농성분이 최소 95% 함유되었음을 의미함. EU 승인기관에 의해 증명된 경우에만 해당 로고를 표시할 수 있음. 프랑스 등  일부 국가에서 자체 유기농 표시를 개발해 사용 중이나 의무 표시가 아님.   한편 유기농 생산에 대한 EU 규정은 2022년에 더 엄격하게 개정될 예정이며, 소금, 코로크 등과 더불어 곤충도 유기농식품으로 인정받아 유기농식품이 확대될 것으로 예상됨. 또한 EU는 ‘농장에서 식탁까지(Farm to Fork)’ 전략의 일환으로 유기농 생산을 증가시킬 계획임. 2019년에 EU 전 토지의 9%가 유기농법에 사용됐으나 2030년까지 이를 25%까지 확대하고, 유해한 화학제품 및 위험한 농약 사용도 50% 감축하는 것을 목표로 하고 있음. 더불어 유기농식품에 쉽게 접근할 수 있도록 가격을 낮추고자 함. "
ID,ood_csv_ood_data,maha,-9827.423779,-11190.589844,물리적 위해요소,물리적 위해요소,"[E/R]미국 E S Foods, 금속가루 함유 가능성으로 밀박스 15종 회수 -지역: 미국 전역 -회수사: E S Foods (회수중, 회수일: 4/3/2023)-회수사유: 밀키트 구성품인 동물 크래커 중 금속 가루(동색) 함유 가능성-제품명: 1) 61404 Butterball Turkey Stick MB (meal box)(Lot: 07/29/23 3055 B1 Best Used By 07/29/23 3055 Lot: 07/29/23 3061 A1 Best Used By 07/29/23 3061 Lot: 07/29/23 3062 B2 Best Used By 07/29/23 3062 Lot: 10/02/23 3068 B1 Best Used By 10/02/23 3068 Lot: 10/02/23 3069 B1 Best Used By 10/02/23 3069)2) 61490 Cheese Cup with 2 Grains MB (meal box)(Lot: 07/29/23 3067 B1 Best Used By 07/29/23 3067 Lot: 10/04/23 3068 B1 Best Used By 10/04/23 3068)3) 61498 Cheese Stick with Marinara Sauce with 2 Grains MB(Lot:07/14/23 3048 B1 Best Used By 07/14/23 3048)4) 61520 Cheese Stick with 2 Grains and 1 Cup Fruit MB(Lot: 11/05/23 3079 B1 Best Used By 11/05/23 3079 Lot: 11/05/23 3079 B2 Best Used By 11/05/23 3079)5) 61114 RS Trix BB(61114 RS Trix BB 3266 MIL 3047 T2 1 Use By: September 23, 2023 61114 RS Trix BB 3266 MIL 3047 T4 1 Use By: September 23, 2023 61114 RS Trix BB 3266 MIL 3047 T5 1 Use By: September 23, 2023 61114 RS Trix BB 3266 MIL 3048 T2 1 Use By: September 23, 2023 61114 RS Trix BB 3291 MIL 3042 03 1 Use By: October 18, 2023 61114 RS Trix BB 3301 MIL 3041 T2 1 Use By: October 28, 2023 61114 RS Trix BB 3301 MIL 3044 T2 1 Use By: October 28, 2023 61114 RS Trix BB 3302 MIL 3044 T2 1 Use By: October 29, 2023 61114 RS Trix BB 3302 MIL 3067 03 1 Use By: October 29, 2023 61114 RS Trix BB 3314 MIL 3042 05 1 Use By: November 10, 2023 61114 RS Trix BB 3315 MIL 3067 03 1 Use By: November 11, 2023 61114 RS Trix BB 3315 MIL 3074 03 1 Use By: November 11, 2023 61114 RS Trix BB 3315 MIL 3076 03 1 Use By: November 11, 2023 61114 RS Trix BB 3316 MIL 3044 T2 1 Use By: November 12, 2023 61114 RS Trix BB 3316 MIL 3045 T2 1 Use By: November 12, 2023 61114 RS Trix BB 3317 MIL 3045 T2 1 Use By: November 13, 2023 61114 RS Trix BB 3317 MIL 3045 T5 1 Use By: November 13, 2023 61114 RS Trix BB 3328 MIL 3045 T2 1 Use By: November 24, 2023 61114 RS Trix BB 3328 MIL 3045 T5 1 Use By: November 24, 2023 61114 RS Trix BB 3329 MIL 3045 T2 1 Use By: November 25, 2023 61114 RS Trix BB 3329 MIL 3045 T5 1 Use By: November 25, 2023 61114 RS Trix BB 3329 MIL 3047 T4 1 Use By: November 25, 2023 61114 RS Trix BB 3329 MIL 3047 T5 1 Use By: November 25, 2023)6) 61119 RS Cinnamon Toast Crunch BB(61119 RS Cinnamon Toast Crunch BB 3292 MIL 3041 04 1 Use By: October 19, 2023 61119 RS Cinnamon Toast Crunch BB 3293 MIL 3041 04 1 Use By: October 20, 2023 61119 RS Cinnamon Toast Crunch BB 3293 MIL 3042 04 1 Use By: October 20, 2023 61119 RS Cinnamon Toast Crunch BB 3294 MIL 3046 04 1 Use By: October 21, 2023 61119 RS Cinnamon Toast Crunch BB 3294 MIL 3048 03 1 Use By: October 21, 2023 61119 RS Cinnamon Toast Crunch BB 3294 MIL 3049 01 1 Use By: October 21, 2023 61119 RS Cinnamon Toast Crunch BB 3294 MIL 3049 03 1 Use By: October 21, 2023 61119 RS Cinnamon Toast Crunch BB 3294 MIL 3051 01 1 Use By: October 21, 2023 61119 RS Cinnamon Toast Crunch BB 3294 MIL 3052 01 1 Use By: October 21, 2023 61119 RS Cinnamon Toast Crunch BB 3301 MIL 3051 03 1 Use By: October 28, 2023 61119 RS Cinnamon Toast Crunch BB 3301 MIL 3053 04 1 Use By: October 28, 2023 61119 RS Cinnamon Toast Crunch BB 3315 MIL 3054 04 1 Use By: November 11, 2023 61119 RS Cinnamon Toast Crunch BB 3315 MIL 3059 04 1 Use By: November 11, 2023 61119 RS Cinnamon Toast Crunch BB 3315 MIL 3061 04 1 Use By: November 11, 2023 61119 RS Cinnamon Toast Crunch BB 3315 MIL 3062 04 1 Use By: November 11, 2023 61119 RS Cinnamon Toast Crunch BB 3315 MIL 3066 04 1 Use By: November 11, 2023 61119 RS Cinnamon Toast Crunch BB 3316 MIL 3066 04 1 Use By: November 12, 2023 61119 RS Cinnamon Toast Crunch BB 3316 MIL 3072 04 1 Use By: November 12, 2023 61119 RS Cinnamon Toast Crunch BB 3317 MIL 3072 04 1 Use By: November 13, 2023 61119 RS Cinnamon Toast Crunch BB 3317 MIL 3074 04 1 Use By: November 13, 2023 61119 RS Cinnamon Toast Crunch BB 3319 MIL 3074 04 1 Use By: November 15, 2023)7) 61151 Apple Muffin Top TSMB(61151 Apple Muffin Top TSMB 4019 MIL 3041 03 1 Use By: January 19, 2024 61151 Apple Muffin Top TSMB 4030 MIL 3062 05 1 Use By: January 30, 2024 61151 Apple Muffin Top TSMB 4031 MIL 3062 05 1 Use By: January 31, 2024 61151 Apple Muffin Top TSMB 4038 MIL 3072 05 1 Use By: February 7, 2024 61151 Apple Muffin Top TSMB 4038 MIL 3076 05 1 Use By: February 7, 2024 61151 Apple Muffin Top TSMB 4039 MIL 3062 05 1 Use By: February 8, 2024)8) 61152 Smart Choice Chocolate Chip Muffin TSMB(61152 Smart Choice Chocolate Chip Muffin TSMB 4023 MIL 3041 05 1 Use By: January 23, 2024 61152 Smart Choice Chocolate Chip Muffin TSMB 4023 MIL 3042 05 1 Use By: January 23, 2024)9) 61237 Nutri-Grain Bar, Strawberry BB(61237 Nutri-Grain Bar, Strawberry BB 3207 MIL 3049 T3 1 Use By: July 26, 2023 61237 Nutri-Grain Bar, Strawberry BB 3227 MIL 3049 T3 1 Use By: August 15, 2023)10) 61246 Cheerios Cereal Bar BB(61246 Cheerios Cereal Bar BB 3153 MIL 3052 T4 1 Use By: June 2, 2023 61246 Cheerios Cereal Bar BB 3195 MIL 3052 T4 1 Use By: July 14, 2023 61246 Cheerios Cereal Bar BB 3195 MIL 3053 T4 1 Use By: July 14, 2023)11) 61247 Pop-Tart Fudge BB(61247 Pop-Tart Fudge BB 3275 MIL 3045 T4 1 Use By: October 2, 2023 61247 Pop-Tart Fudge BB 3340 MIL 3045 T4 1 Use By: December 6, 2023)12) 61250 Trix Cereal Bar BB(3247 MIL 3046 T4 1 Use By: September 4, 2023)13) 61288 Mini Animal Graham Cinnamon SB(61288 Mini Animal Graham Cinnamon SB 3353 MIL 3042 T5 1 Use By: December 19, 2023 61288 Mini Animal Graham Cinnamon SB 4005 MIL 3042 T5 1 Use By: January 5, 2024)14) 65550 5 Days Meal Kit(65550 5 Days Meal Kit 051523 3053 MIL Use By: May 15, 2023 65550 5 Days Meal Kit 052123 3053 MIL Use By: May 21, 2023 65550 5 Days Meal Kit 060723 3053 MIL Use By: June 7, 2023 65550 5 Days Meal Kit 061723 3053 MIL Use By: June 17, 2023)15) 61118C Apple Jacks BB(61118C Apple Jacks BB 3278 MIL 3042 T3 1 Use By: October 5, 2023)"
ID,ood_csv_ood_data,maha,-9827.423779,-32724.066406,표시광고,안전위생,"캐나다산 '아이스와인' 연방기준 마련 예정, 일부 생산자 반발  캐나다 연방정부가 아이스와인(ice wine) 제품의 생산 기술 에 관한 규정을 시행할 것이라 밝힘에 따라, 퀘벡 주 일부 생산자들이 우려하고 있음. 규제 당국은 아이스와인 업계가 빠르게 성장하면서 기준에 맞지 않는 제품 때문에 소비자들이 혼란을 겪고 국제적으로 가짜 제품이 쏟아지는 문제를 막기 위해 노력하고 있음.  아이스와인의 국가 기준으로 제안된 사항은 캐나다 식품검사청의 지원으로 마련되었으며, 다른 와인생산 국가들과의 무역 장벽을 낮추기 위한 협약과도 관련이 있음. 캐나다는 '세계 와인 무역그룹'의 창설 국가이며 아르헨티나, 호주, 남아프리카, 칠레, 그루지야, 뉴질랜드, 미국이 그룹 구성국가임. 해당 협약에서는 덩굴에 달린 상태로 자연적으로 얼었던 포도로만 만든 와인에 한해 아이스와인으로 표시할 수 있도록 명시함.  연방정부에 따르면 캐나다산 아이스와인은 95% 가량이 이 요건을 충족함. 캐나다 다른 지역에서는 영하 8도 이하에서 최소 1회 얼었던 적이 있고 덩굴에서 떨어지지 않은 포도만 아이스와인 제조에 사용할 수 있도록 규정을 적용하고 있으나 퀘벡주의 경우 업계 자율 기준을 적용하고 있음. 퀘벡주의 생산자 중 다수는 포도가 덩굴에 달린 상태로 최소 3회 이상 얼었다 녹는 과정을 거친 후에 수확하여 와인 제조에 사용하고 있으나, 최근 일부 생산자들이 새로운 방법을 적용하고 있음. 1회 얼었다 녹은 포도를 따서 '해먹'으로 불리는 망을 씌운 후 덩굴에 매달아 수확 시점까지 보관하는 것임. 이 경우 영하 8도가 되기 전에 포도를 따서 해먹을 씌우는 경우가 있어 논란이 되고 있음.  일부 생산자들은 중국이 아이스와인 생산에 뛰어든 상황에서, 캐나다산 와인이 규정을 준수하는 것이 어느 때보다 중요하다고 밝힘. 캐나다 포도주생산자연합 대표는 연방 규정을 마련하여 올바른 국제 기준이 마련되도록 해야 한다고 언급함. 이 대표는 현재 중국에서 판매되는 아이스와인 중에는 가짜 제품의 비율이 50%에 육박한다고 주장함. 따라서 퀘벡이 해먹을 계속 이용할 경우 국제적으로 가짜 와인이 판치는 상황을 통제하기 힘들어지며, 이를 위해서도 연방 차원의 법률이 필요하다고 설명함.  "
ID,ood_csv_ood_data,maha,-9827.423779,-11350.491211,안전위생,신규 위해요소,"미국 농무부 장관, 중국 방문 중 소고기 수출 재개 환영.. GM 허가 등 추가 통상 개선 필요성 언급 소니 퍼듀 미 농무부장관은 중국과의 소고기 무역 재개를 기념하기 위해 중국을 방문한 가운데, 이번 자리를 통해 유전자변형작물의 허가절차에 대한 개선과 미국산 쌀과 가금류 수입금지 해제에 대한 필요성을 중국 당국에 강조했음. 퍼듀 장관과 중국 당국 관계자들이 참석한 자리에서 미국산 수입소고기를 절단하는 장면이 이목을 끌었으며 장관은 또한 중국 베이징과 상하이에서 다양한 회의를 가졌음.장관의 일정을 함께 소화한 농무부 관계자는 “농무부 장관은 미국산 가금류 및 쌀과 같은 미국산제품의 시장 접근에 관한 사안을 꺼내었고, 미국이 안전하다고 보는 유전자변형제품의 허가와 관련해 체계적 진행을 촉구했다”고 전했음. 타이슨(사)과 그레이터 오마하 패킹(사)와 같은 미국 업체들은 이미 중국으로 소고기를 수출하고 있으며, 가금육업계도 대중국 수출이 조만간 이루어지기를 기대하고 있음. 중국은 2014년, 미국에서 발생한 조류인플루엔자 사건을 계기로 미국산 가금류 수입을 금지하고 있음. 가장 까다로운 이슈는 중국의 유전자변형제품 허가 절차 개선을 유도하는 것임. 다른 국가들과 달리 중국은 미국과 같은 해외국이 유전자변형제품에 대한 평가를 완료하기 전까지 자체적인 허가 절차를 시작하지 않을 것임. 이는 수해에 걸쳐 판매가 허가될 수 있게 됨. 오바마 행정부는 중국의 허가절차 개선을 만드는데 성공하지 못했음. 하지만 신젠타(사) 부사장은 최근 본지와의 인터뷰를 통해 중국이 켐차이나(ChemChina)를 인수하여 절차 개선을 일구어낼 것으로 기대한다고 전했음. 중국은 트럼프 대통령과의 협약을 통해 유전자변형종자 여덟 개 계통을 허가하기로 했고, 지금까지 2개 계통을 승인했음. 쌀의 경우, 양국은 미국산 쌀의 대중국 수출이 가능하도록 위생 및 식물위생에 관한 모든 사안을 약 일 년 전에 마무리하고 통상 서약을 마쳤지만, 중국이 통상승인을 저지시켰음."
ID,ood_csv_ood_data,maha,-9827.423779,-35281.085938,생물학적 위해요소,안전위생,"[E/R]미국 J F C International Inc, 높은 수준의 효모 생장과 병에 든 제품 상단의 막으로 김치 회수 -지역: 미국 WA, AZ, CO, TX, IL, NY, MD, GA, FL, HI. -제품명: J-Basket 브랜드, Napa Kimchi, Net Wt. 14.1oz. (케이스당 12 jars).(Best Before dates: 10/26/24, 12/19/24. UPC Code: 0 11152 83000 1)-회수사: J F C International Inc (회수중, 회수일: 8/1/2024)-회수사유: 높은 수준의 효모 생장과 병에 든 제품 상단의 막"
ID,ood_csv_ood_data,maha,-9827.423779,-11059.750000,안전위생,표시광고,"미국 농무부, 말고기 제공한 피츠버그 소재 식당에 경고 미국 농무부가 피츠버그에 소재한 한 레스토랑에 말고기를 다시 제공하지 않도록 하라는 경고를 했음. 5월 8일, '큐어 레스토랑(Cure Restaurant)'의 캐나다 출신 요리사가 말고리 타르트르가 포함된 저녁 특식을 제공했다는 KDKA-TV의 최초 보도가 있었음. 농무부의 식품안전검사국(FSIS)은 말고기의 국내 불법 반입에 관한 경고장을 큐어 레스토랑의 요리사와 공동소유주가 받았다고 밝혔음. 해당 업소와 메뉴에 반입된 다른 말고기 제품은 없었음. 동 경고장은 과태료를 수반하지는 않지만 말고기를 다시 제공할 경우 형사상 기소가 진행될 수 있음. "
ID,ood_csv_ood_data,maha,-9827.423779,-11566.443359,안전위생,안전위생,"인도, 펀자브주의 불법주류 섭취 사망자 101명으로 증가 인도 펀자브(Punjab)주의 3개 도시에서 불법 주류를 섭취하고 사망한 사람이 101명으로 증가했음. 당국은 일요일 접수된 사망 신고만 15건이라고 밝혔음. 경찰은 문제의 불법 주류를 유통한 주요 인물을 특정했는데, 해당 인물은 현재 감옥에 수감된 상태이나 해당 지역의 불법 주류 유통을 관리하고 있는 것으로 추정되었음. 이에 대해 조사가 이루어질 예정임. 한편 피해자들이 섭취한 불법 주류 제품은 메탄올 또는 변성 알코올로 만들어진 것으로 확인되었음."
ID,ood_csv_ood_data,maha,-9827.423779,-24057.035156,신규 위해요소,신규 위해요소,"[회수] 영국 Mars Wrigley, 성분에 유전자변형생물 존재하여 엠엔엠즈 초콜릿 자진 회수  - 일자 : 2021.8.5- 지역 : 영국- 제품명 : 1) MMS Crispy 246g Pouch Slim 제품코드: 5000159520232, 배치코드: 125E2HAG03,125E3HAG03,125F1HAG03,125F2HAG03,125F3HAG03, best before: 23.01.20222) MM'S Crispy Pouch 107G 제품코드: 5000159520218, 배치코드: 125A1HAG03,125A2HAG03,125A3HAG03,125B1HAG03,125B2HAG03,125B3HAG03,125C1HAG03,125C2HAG03,125G3HAG03,126A1HAG03,126A2HAG03,126A3HAG03,126B1HAG03,126B2HAG03,126B3HAG03,126C1HAG03,126C2HAG03. best before: 23.01.2022, 30.01.20223) MM'S Crispy Bag 77G, 제품코드: 5000159500920, 배치코드: 125D2HAG03,125D3HAG03,125E1HAG03,125G1HAG03,125G2HAG03,127F2HAG03,127F3HAG03, best before: 23.01.2022, 06.02.20224) MM'S Crispy Sgl 36G, 제품코드: 5000159304245, 배치코드: 125G2HAG03, 125G3HAG03, best before: 23.01.2022- 회수사 : Mars Wrigley- 회수사유 : 공급업체가 생산하는 성분에 유전자변형생물(GMO)이 존재함- 제품사진 : 원문참조"
ID,ood_csv_ood_data,maha,-9827.423779,-18878.853516,생물학적 위해요소,물리적 위해요소,"미국, 카프리 썬 주스제품에서 곰팡이 발견 미국 위스콘신주에 뉴 베를린에 거주하는 한 소비자 수잔 호그(Suzanne Hogue)는 그녀의 5살 난 아들의 주스박스 제품에서 곰팡이를 발견했다고 본 방송사(FOX6′s Contact 6)에 알렸음. 그녀는 아들에게 줄 주스를 컵에 따랐는데 컵 안에 내용물은 갈색의 검고, 녹색을 띄었다고 함. 전문가는 주스박스에서의 곰팡이 성장은 아마 공기 중에 노출되어 일어날 수 있는 현상이라고 말했음. 미국 전역에 걸친 소비자들이 주스박스와 파우치 제품에서 곰팡이를 발견한 것과 관련해 항의하고 있지만 업체는 포장과정이 문제라고 지적하면서 브랜드 자체는 문제되지 않는다고 함. 크라프트(Kraft)(사)의 카프리 썬(Capri Sun)은 포장 시스템에 큰 변화를 주고 있음. 이번달 새로 출시된 새로운 파우치에는 깨끗한 내용물을 확인할 수 있을 것임. 카프리 썬 웹사이트에 올라오는 가장 빈번한 질문은 ""곰팡이 때문에 이러한 변화를 준 것인가?"" 였음.이에 카프리 썬은 ""우리는 여러가지 이유로 포장시스템에 변화를 주었다. 미국의 어머니 소비자들은 합성 보존료·착향제·향미료가 첨가되지 않은 카프리 썬 주스음료를 좋아한다고 말하고 있다. 하지만 그들은 파우치의 내용물을 보기를 원한다. 어린이들이 좋아하는 카프리 썬이 좋은 성분만 함유하고 있다는 것을 무(無)침전물로써 쉽게 확인할수 있을 것이다.""라고 답변했음."
ID,ood_csv_ood_data,maha,-9827.423779,-13035.863281,안전위생,물리적 위해요소,"미국 오하이오 교도소 식당 4곳서 유충 발견, 당국은 조사에 착수 미국 오하이오주 교정청은 10일(현지시간), 교도소 식당 4곳 이상에서 유충이 발견된 것과 관련해 교도소 주방을 조사 중이라고 말했음.  교정청에 따르면, 지금까지 파리 유충인 구더기가 수감자에게 제공되었는지에 대한 증거는 아직 나오지 않았음. 그러나 이번 사건으로 최근 교도소 급식을 민영화한 교정청의 결정에 불만이 일고 있음.  교정청 대변인은 지난 6월에는 북동부 보호관찰소의 우유기계에서 유충이 나왔으며, 노블 교도소와, 오하이오 여자소년원에서도 지난달 유충이 발견되었다고 밝혔음. 이 외에도 트럼불 교도소의 배식대에서 유충이 목격되어 지난 7월 9일 후속 위생 검사가 이루어졌지만 위생규범에 모두 적합한 것으로 나타났음. 이에 따라, 대변인은 내부계약 모니터링 요원들이 28개 교도소를 일제 점검하고 있다고 전했음."
ID,ood_csv_ood_data,maha,-9827.423779,-27431.677734,안전위생,신규 위해요소,"미국 소비자단체, 식품의약품청에 불법으로 판매되고 있는 임파서블 버거 회수 요청해 미국 소비자단체 식품안전센터(CFS)는 미국 식품의약품청(FDA)에 현재 전국 여러 식료품점에서 판매되고 있는 조리되지 않은 임파서블 버거를 회수할 것을 요청했음. CFS는 FDA에 보낸 서한(*)을 통해, 연방법에 따라 날것의 임파서블 버거 판매를 허용하는 규정이 없음에도 불법적으로 판매되고 있다고 지적하고 있음. 현재 조리되지 않은 임파서블 버거를 판매하고 있는 식료품점으로는 'Wegmans', 'Gelson’s', 'Fairway Market' 등이 있음. 임파서블 푸드(사)는 유전자 공학(GE) 임파서블 버거를 실제 고기처럼 '핏빛으로(bleed)' 보이게 하기 위해, 합성 생물학(synbio)을 사용하여 (소량의 콩 레르헤모글로빈 또는 ""헤메""가 생성되는) 콩 뿌리에서 DNA를 추출하고, 그 DNA를 헤메 대량 생산을 위해 발효되는 유전자 공학적 효모에 주입함. 이 헤메 덕분에 GE 임파서블 버거가 적갈색으로 보이게 됨. 이 헤메는 임파서블 푸드(사)가 식료품점에서 조리되지 않은 GE 버거를 팔기 전, 이 헤메를 색소첨가물로 사용하기 위해 FDA의 승인을 받아야 했던 이유이기도 함. 8월에 FDA는 임파서블 푸드(사)가 헤메를 색소첨가물로 빨리 기재해달라는 청원서를 승인했음. CFS는 9월에 그 승인에 대해 이의를 제기했는데, 이 승인은 법률적으로 이 규정의 실효성을 막고 이 반대가 해결될 때까지 제품의 판매를 금지함. 또한 CFS는 FDA가 독립적인 안전 시험을 시행하고 일반 대중이 이용할 수 있도록 하기 전까지 이 헤메에 대한 신속한 승인을 철회할 것을 촉구하기 위해 행동 경보를 발령했음. CFS의 라이언 탤벗(Ryan Talbott) 변호사는 ""FDA의 유효한 승인 없이는 조리되지 않은 임파서블 버거를 소매점에서 판매하는 것은 불법""이라고 말하며, ""법은 FDA가 제안된 색소 첨가물에 대해 이의 신청을 받았을 때 FDA의 검토 기간 동안 그 사용에 대한 승인을 받아야 인간의 소비에 안전하다는 것을 분명히 하고 있다. FDA는 유통업체들에게 조리되지 않은 임파서블 버거들을 즉시 퇴출시키라는 회수 조치를 내려야 한다.""고 덧붙였음. (*) https://www.centerforfoodsafety.org/files/2019-10-21-fda-letter-re-impossible-foods_47809.pdf"
ID,ood_csv_ood_data,maha,-9827.423779,-29921.136719,안전위생,안전위생,"[회수]캐나다 Abbott, 변질로 멸균수 회수 - 최초 발표 일자: 2022-10-14 (최신 업데이트 일자: 2022-10-14)- 유통지역: 캐나다 전역 호텔, 식당, 기관- 회수사: Abbott- 브랜드명: Abbott- 제품명: Similac Sterilized Water. 48 x 59 ml. List Number: 51000871 (13). Lot Number: 39398N200. Expiry: 01-OCT-2023. UPC- Shipper: 055325510000, Bottle: 055325000037.- 회수사유: 변질로 인한 회수"
ID,ood_csv_ood_data,maha,-9827.423779,-10908.627930,영양건강,화학적 위해요소,"미국 콜로라도 당국, 마리화나 식품 인기로 과다 섭취 우려  미국 콜로라도에서 대마초를 피우는 대신에 이를 함유한 음식이 대중에게 인기를 얻자 대마초 업계와 보건 당국, 주 규제처가 손을 잡고 과다 섭취 문제를 논의했음. 대책위원회는 30일(현지시간), 콜로라도의 대마초 식용에 관한 정의와 식음료에 농축, 주입하는 대마초에 관한 업계 용어를 재정립하고자 회의를 가졌음.  콜로라도에서는 대마초가 주입된 식품이 폭발적인 인기를 얻고 있음. 지난 달에는 권장량의 6배가 넘는 대마초 쿠키를 먹은 대학생이 덴버의 한 호텔 발코니에서 뛰어내리는 사건이 있었음. 이달 초에는 덴버의 한 주민이 자신의 아내을 총격했는데 소문에 따르면, 대마초 사탕을 먹었다고 함.  이러한 사망 사건들이 터지자 대마초를 얼마나 먹어야 하는지 모르겠으며, 다량 섭취한 후에 불쾌한 경험을 겪었다는 소비자들의 공통된 불만이 대두되었음.  콜로라도주는 취하게 하는 대마초 성분인 THC를 식품 1회 제공량 당 10mg으로 규정하고 있으며, 제품 포장 당 최대 10회 분량까지 제한함. 그러나 대마초의 독성과 품질이 천차 만별이라는 점에서 정확한 비교가 어려움.  한편, 대책위원회는 식용 대마초에 대한 새 규정을 언제까지 발표하겠다는 말은 하지 않았음."
ID,ood_csv_ood_data,maha,-9827.423779,-10367.193359,물리적 위해요소,화학적 위해요소,"[E/R]미국 Ingredients Solutions Inc., 섬유로프 발견으로 카라기난 회수 -지역: 미국 IA, KS, WI, KY-제품명: MBF-202 Carrageenan(191001-A 191001-B 191002-A Use by dates: 10/01/21  10/02/21 191002-B 191003-A)-회수사: Ingredients Solutions Inc. (회수중, 회수일: 8/27/2020)-회수사유: 2020년 8월 28일, 업체의 고객이 최종 카라기난 제품에서 최대 1/4""의 유색섬유(colored fibers)를 발견했음. 회수사는 이 섬유를 카라기난 제조에 사용되는 해초 원료의 생산 시 사용되는 섬유로프, 'tie tie'라고 확인하였음. 2020년 8월 28일 업체는 최종 카라기난을 회수조치함."
ID,ood_csv_ood_data,maha,-9827.423779,-32408.203125,물리적 위해요소,안전위생,"[E/R]미국 H.P. Hood, LLC, 부패 가능성으로 크림 회수 -지역: 미국, 캐나다, 호주 및 남아프리카-제품명: 1) FitPro Go! 14oz Strawberry; 35g protein UPC (Case): 8-5418200329-4; UPC (Individual): 8-5418200326-32) FitPro Go! 14oz Chocolate; 35 g protein UPC Case: 8-5418200328-7; UPC Unit: 8-5418200324-93) FitPro Go! 14oz, 35 g protein Chocolate Chip Cookies UPC(Case): 8-5418200338-6; UPC Unit: 8-5418200325-64) FitPro Go! 14oz , 35 g protein Vanilla; UPC (case) : 8-5418200327-0; UPC (unit): 8-5418200325-65) Muscle Milk Pro Series 40 14 oz.; 40 g protein Intense Vanilla UPC Case: 8-76063-00291-2; UPC Unit: 8-76063-00281-36) Muscle Milk, 14oz ; 40 g protein Banana; UPC (case): 8-76063-00223-3 UPC (unit): 8-76063-00203-57) Muscle Milk Caf¿ Latte Caf¿ Latte, 414 mL UPC (case): 8-76063-00215-8; UPC (unit): 8-76063-00210-38) Muscle Milk 14 oz Chocolate, 25 g protein. UPC (case): 8-76063-00221-9; UPC (unit): 8-76063-00201-19) Muscle Milk 14 oz, 25 g protein Cookies N Cr¿me. UPC (case): 8-76063-00224-0; UPC (unit): 8-76063-00204-210) Muscle Milk 14 oz., 25 g protein Strawberry; UPC (case): 8-76063-00229-5; UPC (unit): 8-76063-00209-711) Muscle Milk 14 oz, 25 g protein. Vanilla Creme UPC (case): 8-76063-00222-6; UPC (unit): 8-76063-00202-812) Muscle Milk 14 oz. 25 g protein Caramel Kick UPC (case): 8-76063-00214-1; UPC (unit): 8-76063-00219-613) Muscle Milk 10 oz. 18 grams protein. Sold in 4 packs Chocolate; UPC (case): 8-76063-00271-4; UPC (unit): 8-76063-00261-514) Muscle Milk 10 oz. 18 g protein. Sold in 4 packs Vanilla Creme UPC (case): 8-76063-00272-1; UPC (unit): 8-76063-00262-215) Muscle Milk Pro Series 40 14 oz;, 40 g protein Crushin' Cookies. UPC (case): 8-76063-00293-6; UPC (unit): 8-76063-00283-716) Muscle Milk Pro Series 40, 14 oz.. 40 g protein; Knock Out Chocolate UPC (case): 8-76063-00290-5; UPC (unit): 8-76063-00280-617) Muscle Milk Pro Series 40 14 oz., 40 g protein; Going Bananas UPC (case): 8-76063-00294-3; UPC (unit): 8-76063-00284-4-회수사: H.P. Hood, LLC (진행중, 회수일 6/9/2016)-회수사유: 부패(용기 부품  이취)"
ID,ood_csv_ood_data,maha,-9827.423779,-14103.833984,화학적 위해요소,화학적 위해요소,"호주 연방의료제품청, 의약품 성분 Withania somnifera(아슈와간다) 위장 및 간 관련 부작용 경고  -핵심정보 1) 허브 Withania somnifera를 포함하고 있는 의약품 및 허브보충제는 일부 사람에게서 심각한 부작용을 일으킬 수 있음2) 해당 물질은 널리 사용되는 약용허브이며 슈퍼마켓, 건강식품점, 약국 등에서 처방 없이 구매 가능함. 3) 다음과 같은 증상이 있으면 섭취를 중단하고 의학적 도움을 구해야 함. >피부나 눈이 노랗게 변함>어두운 색의 소변 >어지러움>구토>평소와 다른 피로감>쇠약감 >위통 또는 복통 >식욕 감퇴 4) 간에 문제가 있었거나 현재 문제가 있는 경우, Withania somnifera를 함유한 의약품 및 보충제 복용을 피해야 함.  해당 물질은 아유르베다 의학에서 오랫동안 널리 사용해온 전통 약품임. 일부 사람들에게 심각한 위장 문제를 일으키거나 드문 경우 간 손상과 관련 있을 수 있음. 호주 연방의료제품 목록에 해당 물질을 포함한 의약품 약 320개가 등록되어 있음.  -위장과 관련된 부작용 연방의료제품청은 해당 성분을 섭취한 사람들의 위장 관련 부작용을 모니터링하고 있고, 메스꺼움, 구토, 설사와 같은 위장 문제가 보고된 바 있음. 일부 보고서에서 구토와 설사는 1회분 복용 후에 나타나기도 했고 어떤 경우에는 처음에 식중독으로 오인되기도 함. 이러한 반응은 섭취 중단 후 사라졌지만 16건의 경우 입원치료가 필요할 정도로 심각했음.  -간 손상과 매우 드문 관련 2024년 2월 5일까지 보고된 간 손상 사례는 12건임. 이중 7건이 해당 선분과 관련 있는 간 손상으로 추측됨. 이중 4건은 해당 물질 외 다른 물질이 간 손상에 영향을 미칠 가능성이 없었음. 다른 3건은 다른 제품 또는 성분이 간 손상에 영향을 미쳤을 가능성이 있음. 해외의 과학 문헌과 다수의 사례에서도 해당 물질이 간 손상을 일으킬 수 있다고 보고함. 청에서 진행한 관련 연구에서도 드물지만 위험이 있다는 사실이 밝혀짐.  -소비자를 위한 정보 해당 물질을 함유한 의약품 또는 허브보충제를 섭취 중인 사람은 상기 부작용을 유념해야 함. 간 손상은 극히 드물지만 심각할 수 있음. 초기에 증상을 깨닫고 섭취를 멈추면 위험은 줄어듬.   -건강전문가를 위한 정보해당 물질이 전염성 위장염으로 오해되기 쉬운 극심한 급성 구토 및 설사를 유발할 수 있다는 사실을 유념해야 함. 매우 드문 경우이지만 간 손상을 유발할 수도 있으므로 간 손상이 의심되는 환자를 치료할 때는 대체 약품을 사용할 수 있는지 고려해야 함. 이전 또는 현재 간에 병이 있는 환자에게는 처방을 피할 것. "
ID,ood_csv_ood_data,maha,-9827.423779,-27966.695312,안전위생,화학적 위해요소,"[E/R]미국 Empresas La Famosa, Inc., 팽창된 캔 발견으로 파인애플주스 회수 -지역: 미국 국내 유통 전용: 푸에르토 리코-제품명: Mr. Special Jugo de Pina De Concentrado, 46 oz 캔, 박스 포장 당 12캔 포장.(P1105A2PDT03, Exp. Apr/ 15/ 2022)-회수사: Empresas La Famosa, Inc. (회수중, 회수일: 8/23/2021)-회수사유: 팽창된 캔이 발견되었음"
ID,ood_csv_ood_data,maha,-9827.423779,-56676.972656,안전위생,안전위생,"뉴질랜드 일차산업부, 불법적으로 어획된 어류를 구입 및 유통한 업체와 직원에 벌금 및 징역형 내려 뉴질랜드 오클랜드에서 불법적으로 어획된 어류를 구입 및 유통한 Sea World Limited(사)는 $360,000의 벌금형과 동사 한 명의 직원에게 3년 7개월의 징역형이 내려짐. 8월 16일, 'Seamart'로 거래 중인 Sea World Limited(사) 및 그 직원 Marco Taukatelata(49세)는 수산업법(Fisheries Act)을 위반한 2건의 혐의로 동 처벌을 받음. 또한, 동 업체의 이전 임원인 Haihong Liu(43세)도 수산업법을 위반한 2건의 혐의로 12개월의 가택 구금을 선고받음. 동 문제와 관련 있는 어류는 Sea World(사)가 합법적으로 수입 또는 구입하였다는 보고가 없었으며 관련 기록 또한 제대로 관리되지 않았음. 관련 어류의 총량은 도미 38,202kg, 카하와이(kahawai) 2,761kg 그리고 숭어(grey mullet) 1,760kg이며 이는 Sea World(사)에 약 $348,304.03의 경제적 이익을 주었음. 상기 처벌과 더불어 Sea World(사)가 소유한 수송 트럭 및 현금 $20,000 또한 정부에 환원되었음."
ID,ood_csv_ood_data,maha,-9827.423779,-53553.121094,화학적 위해요소,신규 위해요소,"미국 환경단체, 콜리스틴 내성 유전자.. 최소 19개 국가에서 확인돼  중국 연구진이 '최후의 수단'으로 불리는 항생제 '콜리스틴'에 내성을 가질 수 있는 유전자를 발견한 것이 두어 달 전임. 이 유전자의 발견은 항생제 내성균을 주목하고 있는 사람들에게 충격적이었음. 지금 이 유전자가 적어도 19개 국가에서 검출되고 있다고 함. 콜리스틴은 독성이 있어 간혹 부작용이 있을 수 있으나 미국에서는 어떠한 항생제도 듣지 않을 때 의사들이 처방하는 것이 콜리스틴임. 콜리스틴을 포함한 모든 항생제에 세균이 내성을 갖게 되면, 사람에게 처방할 것이 없음. 콜리스틴 내성 대장균을 밝혀낸 논문이 '란셋감염질병(Lancet Infectious Diseases)' 저널에 게재된 이후, 천연자원보호협의회(Natural Resources Defense Council)는 19개국의 농장동물, 소매육 또는 사람에게서도 확인되었다고 새로이 집계했음. 동 협의회는 농장에서 키우는 동물의 항생제 사용 저감화에 앞장서고 있는 단체임. 이는 'MCR-1'로 알려진 유전자가 2달 만에 확산되었다는 의미가 아니라 과학자들이 지난 세균 샘플을 소급하여 조사해 발견된 것임. 그 예로 덴마크에서는 현재의 모니터링 체계가 시작된 2012년 당시 검사에서 채취한 세균에서 이 유전자를 발견했음. 미국 질병통제예방센터(CDC)는 매년 200만 명이 항생제 내성균에 감염되고 23,000명이 사망에 이르게 한다고 보고 있음. '카바페넴 내성 장내세균(CRE)'이나 '메티실린 내성 포도상구균(MRSA)'이 그러한 항생제 내성균에 해당됨. 현재 콜리스틴 내성균으로 인한 피해자 수는 불분명하고, 미국의 검체에서는 아직 이 유전자가 확인되지 않았으나 과학자들은 콜리스틴 내성균이 더욱 크게 확산될 것이라고 보고있음. 조지워싱턴대학교의 프라이스 교수는 식용 동물 생산에 항생제를 남용하는 것이 공중보건에 주된 위험이 될 수 있다고 말했음. 미국에서는 동물 사육에 콜리스틴이 사용되고 있지 않으나, 중국 등의 국가에서는 사용되고 있음. "
ID,ood_csv_ood_data,maha,-9827.423779,-11738.992188,표시광고,영양건강,"영국, 암 위험성 경고는 (주류) 섭취 감소시킬 수 있어 리서치 업체 'Global Drugs Survey'의 조사에 따르면 암 위험을 경고하는 음주 경고 라벨은 일부 사람들에게 주류 섭취를 재고하도록 만들 수 있음. 그러나 대부분의 사람이 (암 이외에) 알코올이 건강에 미치는 치명적인 영향에 관한 다른 경고들은 무시할 것으로 보임. 동 사는 44개국 130,000명이 온라인으로 참여한 연례 설문 조사에서 약물과 알코올 이용, 위험, 피해에 관해 질문했음. 조사관들은 담배갑의 경고 그림의 성공을 고려하여, 잉글랜드 내 3,600명의 응답자를 대상으로 와인, 맥주, 스피릿 병에 부착된 경고 표시의 잠재적 영향을 살피고자 했음. 조사관들은 보건 전문가들과 함께 ""심장병은 과음하는 사람들의 주요 사망 원인입니다""에서부터 ""와인 한 병 또는 맥주 6병은 햄버거와 감자튀김 만큼의 칼로리를 포함하고 있습니다""까지 7가지의 서로 다른 보건 경고를 고안했음. 대부분의 사람에게 효과가 있는 경고 문구는 ""음주를 줄일수록 암 7종의 발병 위험이 줄어듭니다""로 나타났음. 잉글랜드의 3,600명의 응답자 중 40%는 해당 문구가 음주를 줄이는 데 영향을 미치거나 미칠 것이라고 응답했음."
ID,ood_csv_ood_data,maha,-9827.423779,-109562.929688,안전위생,물리적 위해요소,"미국 스타벅스, 2020년까지 방사란으로 전면 교체 미국 스타벅스가 향후 5년 내에 북미 전 매장에서 방사란만 사용하겠다고 밝혔음. 업체는 2008년부터 방사란을 구매하기 시작한 이후 꾸준히 교체 작업을 진행 중이라고 말했음.  이에 앞서 맥도날드, 버거킹을 비롯, 식품접객업체 소덱소 SA도 유사한 정책을 선보인 바 있음. 방사란은 케이지에 갇힌 암탉에게서 얻는 일반란과는 달리, 헛간 안에서 자유로이 움직일 수 있는 암탉의 알을 말함.  스타벅스는 지난 금요일, 자사 웹사이트에 '동물복지-친화적인 관행(*)' 업데이트 하면서, 2020년을 기한으로 정했음.  (*)http://globalassets.starbucks.com/assets/7ef8e273c7fd4da59a895f9fb485bfcc.pdf"
ID,ood_csv_ood_data,maha,-9827.423779,-14161.802734,화학적 위해요소,화학적 위해요소,"[회수]미국 JAJA Spirits, 병 외부의 결함 가능성으로 데킬라 회수 -일자: 2022.05.11.-유통지역: 미국(*상세 지역은 언급되지 않음)-회수사: JAJA Spirits-제품명: JAJA Tequila Blanco, Reposado, Añejo. 750 mL. 2022년 3월 8일-3월 27일에 제조된 제품. 로트번호: L00122E046, L00222E046.-회수사유: 병 외부의 결함 가능성. 이러한 결함으로 인해 유리가 쉽게 깨질 수 있으며 작은 입자로 인해 건강상 위험을 초래할 수 있음.-제품사진: 원문참조-기타: 동 제품과 관련하여 현재까지 보고된 부상사례 없음."
ID,ood_csv_ood_data,maha,-9827.423779,-10384.378906,생물학적 위해요소,안전위생,"미국 지방법원, Real Water 브랜드 제품 회수 명령 미국 지방법원(U.S. District Court)은 5월 19일 수요일 라스베이거스에 위치한 생수 브랜드 Real Water(사)에 제품의 완전한 회수를 명령하고, 동 브랜드의 제품을 마시고 발생한 최소 한 건의 사망과 다수의 간 질환 사례에 대한 조사를 위해 기록을 제출하도록 명령했음. 동 명령과 관련하여 회사는 즉시 답변하지 않았음. 동 명령은 먼저 네바다, 애리조나, 유타 및 캘리포니아에서 판매되는 제품의 생산 및 유통을 중단했음. 법원의 명령에 따라 회사는 수요일 이전에 생산된 모든 제품을 회수하고 폐기해야 함. 또한 처리, 병입 및 유통에 관한 FDA 기록을 넘겨야 함. 그리고 라스베이거스, 네바다 주의 헨더슨(Henderson), 애리조나 주 메사(Mesa)에 있는 회사 시설에 대한 발표하지 않은 검사 결과를 제출해야 함. 한편, 라스베이거스에 위치한 남부 지역 네바다주 보건 당국(Southern Nevada Health District)은 5월 20일 목요일에 Real Water와 관련이 있다고 여겨지는 간 질환 사례가 5건 더 있다고 보고하였음. 동 보고서는 해당 지역에서 제품과 관련된 급성 비 바이러스성 간염(acute non-viral hepatitis) 사례가 16건이라고 밝혔음."
ID,ood_csv_ood_data,maha,-9827.423779,-12889.574219,물리적 위해요소,물리적 위해요소,"미국 애리조나, 버거킹 메뉴에서 면도날 나와 미국 방송사 '3TV'는 애리조나주 플래그스태프에 거주하는 한 여성이 닭고기, 사과, 크랜베리가 든 버거킹 'Chicken Apple Cranberry'제품에서 면도날이 검출되었다고 보도했음. 이 여성은 정말 자신의 샐러드에서 면도날이 나왔다면서 자신에게 위해를 가했을 수 있었다고 말했음. 이 여성이 버거킹 매니저에게 면도날을 보여준 후, 직원들은 모든 샐러드 제품이 섭취하기에 안전한지 확실히 하기 위해 이를 뒤졌음. 버거킹 관계자는 직원들이 면도날을 선반에 둔 것을 시인했다면서 부주의로 상추 통에 떨어졌을 것이라고 말했음. 그 직원은 보도된 대로 해고되었음. 이 여성은 그녀의 제품을 환불받았으며, 무료 샐러드 쿠폰을 제공받았음. 그녀는 '3TV'에 업체를 소송할 계획은 없으나 유사한 사례가 다른 소비자들에게는 발생하지 않기를 바란다고 말했음. "
ID,ood_csv_ood_data,maha,-9827.423779,-36360.460938,안전위생,안전위생,"미국 상원, FDA에 신규 식이원료 지침의 신속한 마무리 촉구 클레어 맥카스킬 미 상원은 신 식이원료 지침 초안에 대한 관료주의적 지연에 낙담하며 지침 초안을 완결짓도록 미 식품의약품청(FDA)에 요구하고 있음.상원은 로버트 칼리프 FDA 청장에 전달한 서신을 통해 국민들의 안전이 관련된 것을 고려해, 자신의 의견과 그 외의 것을 신속히 검토하고 지침을 마무리짓도록 촉구함.맥카스킬 상원은 서신을 통해 소비자와 의료 전문가에 대한 원료 투명성과 안전하지 않은 불법 제품을 제조, 판매한 제조업체에 대한 강력한 집행조치 시행의 필요성, 그리고 제조업체가 스스로의 책임을 알고 소비자가 안전할 수 있도록 보장하기 위한 개선이 필요하다고 당부했음. 또한, 본 지침이 앞으로 산업체의 FDA의 기준 준수율 향상과 투명성 부족과 혼란 투성이인 절차를 명확하게 하는데 결정적인 역할을 할 것이라고 전했음."
ID,ood_csv_ood_data,maha,-9827.423779,-10492.091797,영양건강,영양건강,"뉴질랜드 단체, 과음으로 인해 10년간 8,000여 건의 조기 사망 사례 발생해 뉴질랜드의 한 단체인 '알코올액션 뉴질랜드(Alcohol Action New Zealand, AANZ)'는 지난 10년 동안 알코올 관련된 뇌 손상을 입고 태어난 아이가 30,000 명에 이르며, 같은 기간동안 8,000명의 뉴질랜드인들이 알코올로 인해 조기 사망했다고 밝혔음.  국가 알코올 감시관은 현 정부가 알코올 규제를 강화하기 위한 정신 건강 및 중독 조사의 권고를 지키지 않았다고 비난했음, AANZ는 뉴질랜드 법률 위원회가 음주법을 검토한 지 10년이 지났다며, 알코올로 인해 수천 명의 조기 사망 뿐만 아니라 700,000 건의 신체적, 성폭력, 알코올 관련 뇌 손상을 입고 태어나는 아이 30,000여명 등 700억 달러 이상의 사회적 비용을 초래했다고 말했음. 이에 대해 보건부 로빈 시어러(Robyn Shearer)는 알코올이 개인과 지역사회에 미칠 수 있는 영향을 인식하고 있다며, ""치료 서비스와 새로운 치료 모델에 대한 조사의 권고를 적극적으로 탐구하고 있다,""고 말했음."
ID,ood_csv_ood_data,maha,-9827.423779,-12579.985352,영양건강,안전위생,"미국 스타벅스(사), 공급업체에 비좁은 양계장에서 생산된 닭 및 비인도적으로 도축한 가축 공급 중단 요구 정책 선언 미국 커피체인 전문업체 스타벅스(Starbucks)가 업체의 동물복지정책 중 주요 부분을 개정하고 있다고 전함. 스타벅스는 빼곡한 양계장에서 사육중인 닭이 낳은 알과 대형 농장에서 암퇘지를 가두는 우리에서 자란 돼지 가공품의 구매를 단계적으로 줄여나가겠다고 선언함. 스타벅스는 업체의 공급업체에 가금류에 대한 인공 성장호르몬 및 성장을 촉진하는 관행을 중단하고, 그 외에 일부 소비자들이 비 인도적이라 여기는 동물사육기술을 중단할 것을 요구할 계획임. 스타벅스의 기존 정책은 양계장에서 자라지 않은(cage-free) 달걀과 동물애호가들이 긍정적으로 간주하는 방법으로 생산된 식품을 구매하는 것을 단순히 선호하고 있었음. 또한, 닭이 인륜적인 방식으로 도축된 닭 가공품을 제공하기를 원하고 있음. 또한, 스타벅스는 이 새로운 기준을 미국뿐만이 아닌 전 세계 지점으로 빠르게 확대 적용시키기를 원하고 있음. 스타벅스는 이번 정책에 관한 구체적 시행일은 언급하지 않았음. 하지만, 스타벅스 웹사이트에 따르면, 업체와 함께 ""합리적인 계획을 구상하고 있다""고 명시되어 있음."
ID,ood_csv_ood_data,maha,-9827.423779,-28749.634766,생물학적 위해요소,안전위생,"미국 CDC, 강력한 식중독균 유전자 서열분석 기술 내년에 선보일 예정 미국 연방정부가 내년 30개주를 시작으로 2년 내에 전 50개주에 강력하고 새로운 식품안전 무기를 선보일 예정임. 질병통제예방센터(CDC) 산하의 '식인성, 수인성 및 환경 질환실' 소속 로버트 턱스 박사는 '식품안전정상회의' 자리에서 정부가 '전장 유전체 서열분석' 기술이라 불리는 신식 기술을 배치하려 한다고 참가자들에게 밝혔음. 이 기술의 첫 타깃은 리스테리아균임. 이미 CDC 내부 실험실에서는 집단 식중독 원인을 구체적이고 명확하게 밝혀내기 위해 이 기술을 사용하고 있었음. 코넬 대학교 소속 웨이드먼 교수는 전장 유전체 서열분석 기술은 CDC가 블루벨(사)의 아이스크림, 아론(사)(Haroun Dairies)의 연질치즈, 돌(사)의 포장 샐러드 등 최근 발생한 여러 리스테리아 식중독 사건에서 검출기술로 활용해왔던 것이라고 전했음."
ID,ood_csv_ood_data,maha,-9827.423779,-9994.023438,영양건강,안전위생,"셔벗 섭취한 한 여성, 식품 알레르기로 사망 그리스의 한 숙박업소에서 딸기맛 셔벗을 섭취한 한 영국인 여성이 사망했음. 이 여성은 셔벗 한 숟가락을 섭취한 이후 남편에게 혀가 저림을 느낀다고 말했다고 함. 그녀는 난류, 우유 또는 사과에 알레르기를 가지고 있었음. 이후 쓰러진 이 여성은 병원으로 이송되었으나 사망했음."
ID,ood_csv_ood_data,maha,-9827.423779,-13201.981445,안전위생,안전위생,"유럽식품안전청, 식용 곤충 안전성 몇 주 안으로 승인할 듯 유럽식품안전청(EFSA)이 몇 주 안으로 거저리(mealworm), 메뚜기, 귀뚜라미 등 식용 곤충의 안전성을 승인할 것으로 곤충 업계는 기대하고 있음.  이에 따라 이르면 가을까지 유럽 전역에서 판매될 다양한 곤충 요리를 대량으로 생산할 수 있는 기회가 열릴 전망임. 국제 식품 및 사료용 곤충협회(International Platform of Insects for Food and Feed)의 사무 총장 크리스토프 데리언(Christophe Derrien)은 유럽식품안전청의 승인은 업계에서 돌파구가 될 것으로 예상하고 있으므로 매우 기대하고 있다고 전함. EFSA로부터 허가를 받은 최초의 신소재 식품이 나오면 눈덩이 효과를 낼 것으로 믿는다고 덧붙임. 식품 업계의 선두 주자들의 입장에서는 그동안 EU 전체의 승인이 없었기 때문에 고단백 별미의 가능성이 저지되어 왔음. 영국, 네덜란드, 벨기에, 덴마크, 핀란드 규제 당국은 EU의 1997법이 음식에 사용되는 동물과 관련이 없다고 결정했음.결과적으로 곤충을 이용한 많은 제품들이 영국, 네덜란드, 벨기에, 핀란드 슈퍼마켓에서 살 수 있으며 곤충으로 만든 소비자용 음식이 매년 약 500톤 생산됨. 하지만 이런 제품들은 프랑스, 이탈리아, 스페인 등에서 금지되어 왔음. 2018년 새로운 EU 법은 어느 정도 명확성을 위해 노력했으며 곤충을 이용한 요리는 신소재 식품 승인이 필요하다고 규정함."
ID,ood_csv_ood_data,maha,-9827.423779,-15339.462891,안전위생,화학적 위해요소,"유럽식품안전청, 플라스틱 식품접촉물에 사용되는 물질 신청 준비를 위한 행정 지침 게재 유럽식품안전청(EFSA)이 플라스틱 식품접촉물에 사용되는 물질 신청 준비를 위한 행정 지침을 게재하였음. 동 문서는 EFSA에 의해 평가되는 플라스틱 물질 및 식품과 접촉하도록 의도된 제품에 관한 신청서를 제출하는 신청자에게 지침을 제공하기 위한 목적으로 고안되었음. 전반적으로 새로운 승인 신청서를 제출하거나 플라스틱 식품접촉물에 사용되는 물질의 기존 승인 변경을 지원하기 위해 2021년 3월 27일까지 회원국의 관할 당국에 제출된 신청서 서류 준비 및 온라인 제출에 대한 행정적 요구 사항을 설명하고 있다고 함. 투명성 규정(transparency regulation)으로 신청서 제출 전 단계 및 신청 절차와 관련한 새로운 조항을 도입함으로써 일반 식품법을 개정한 바 있음. 일반적인 신청서 제출 전(Pre-submission) 단계를 지원하기 위한 조언, 신청을 지원하기 위해 의뢰 또는 수행된 연구 관련 정보 통지, 신청 및 관련된 기밀성 의사 결정(confidentiality decision making) 과정을 지원하기 위해 제출된 모든 정보의 기밀 버전, 제출된 신청서에 대한 공개 협의 같은 요구사항이 EFSA에서 규정한 실용적 방식을 기반으로 동 문서에 반영되었다고 함. 동 문서는 플라스틱 물질 및 식품과 접촉하도록 의도된 제품에 대한 신청을 처리하기 위한 절차 및 관련 타임라인, EFSA와 교류할 수 있는 다양한 가능성 및 신청서 준비(제출 전 단계)에서 EFSA의 과학적 의견 채택 및 발표에 이르기까지의 계획에 대한 설명으로 구성됨."
ID,ood_csv_ood_data,maha,-9827.423779,-11589.982422,안전위생,안전위생,"캐나다 보건부, 알코올음료 대체재로 알려진 'Pace'가 불법이고 미승인 제품이라 발표 캐나다 보건부는 본지(CBC News)에 보낸 성명서를 통해 알코올음료 대체재로 알려진 'Pace'(* 원문 사진 참조)가 캐나다에서는 불법이고 미승인 제품으로 해당 제품의 판매를 막기 위해 적절한 후속 조치를 취하고 있다고 발표하였음. 제품의 제조사는 미주지역의 'Diet Alcohol Corporation'으로 자사 웹사이트에 'Pace'가 합법적이라고 설명하며 제품이 알코올, 칼로리 또는 숙취가 전혀 없는 새로운 알코올 대체제로 소개하고 있음. 제품의 활성물질인 'MEAI'에 대하여 미국 또는 캐나다에서 규제되거나 지정(scheduled)되어 있지 않다는 제조사의 주장과는 반대로, 캐나다 보건부는 'MEAI'에 대해 알고 있으며, 암페타민(amphetamines)과 가까운 통제된 물질(Controlled Substance(Schedule 1))로 간주한다고 밝혔음. 반면에, 연방경찰(RCMP) 또는 캐나다 국경관리청(CBSA)은 'Pace'가 캐나다로 반입되는 것을 막거나 개인이 이를 소유하는 것에 벌칙을 부과할 권한이 없음. RCMP는 특정물질을 캐나다로 수입하기 위한 요구사항은 캐나다 보건부의 관할이며, 이 사안에 대해 질의하여 보건부에서 집행할 것이라는 확인을 받았다고 언급했음."
ID,ood_csv_ood_data,maha,-9827.423779,-10758.869141,화학적 위해요소,화학적 위해요소,"영국 정부, 해양 생물이 섭취한 미세 플라스틱이 인체 건강에 미치는 영향에 관한 연구 착수  영국 정부는 패류 및 기타 해양 생물에게서 발견되는 미세 플라스틱이 인체 건강에 미치는 영향에 관한 연구에 착수할 예정임. 동 연구는 잉글랜드 수석의학전문위원 데임 샐리 데이비스 박사가 이끌고, 1년 동안 진행되는 '오염의 영향'에 관한 대규모 연구의 일환으로 수행될 예정임. 이번 연구 계획은 지난 9월 정부가 화장품 및 세면도구에서 미세 플라스틱 사용을 금지하겠다고 공표한 후 진행되었음. 영국 정부는 하원 환경감사위원회가 미세 플라스틱이 해양 환경에 미치는 영향에 대해 우려를 제기한 이후 해당 금지 계획을 공표한 바 있음. 영국 정부는 하원 환경감사위원회의 보고서에 대한 공식 답변에서 미세 플라스틱이 인체 건강에 미치는 영향에 관한 가용 근거가 대단히 제한적임을 인정했음. 정부는 그러나 연구 결과가 미세 플라스틱 과량 축적은 해양 유충에 물리적인 손상을 입힐 수 있으며, 미세 플라스틱이 '홍합에서 게까지'와 같은 단순한 먹이사슬을 따라 이동할 수 있음을 나타낸다고 전했음. 환경감사위원회 의장 마리 크레이그는 신규 연구 착수를 환영한다고 밝히고, 미세 플라스틱이 패류 및 굴과 같은 해산물에서 빈번하게 발견되기 때문에 위원회가 해당 분야에 대한 추가적인 연구를 권한 바 있다고 전했음. "
ID,ood_csv_ood_data,maha,-9827.423779,-11504.265625,화학적 위해요소,안전위생,"월마트, 납품업체에 동물복지 및 항생제 사용 지침 강화 요구  월마트가 식품 납품업체를 상대로, 동물복지와 항생제 사용에 대한 지침을 강화해 소비자들에게 식품이 어디서 오는지 보다 투명하게 알려야 한다고 촉구했음.  월마트는 22일(현지시간), 소매업계에서는 최초로 공급망에 있는 동물들을 치료하는 것에 대해 공식 입장을 표명했음. 전미 최대 식료품 업체인 월마트가 움직이면서, 업계 전반으로 동물복지에 대한 감시와 인식을 불러일으킬 것으로 보임.  지침에서는 의학적으로 필요한 경우가 아니고서는 항생제를 사용하지 않고, 동물들이 돌아다닐 수 있는 공간을 늘리면서, 거세나 도축 절차에서의 통증관리기법을 확실히 해줄 것을 요구하고 있음. 납품업체는 또한 월마트와 대중에게 매년 항생제 사용과 동물복지를 보고토록 되어있음. 이는 신선 및 냉동 고기, 유제품, 알류, 델리류에 적용됨. "
ID,ood_csv_ood_data,maha,-9827.423779,-11925.586914,화학적 위해요소,안전위생,"[회수]호주 Fiskars Australia Pty Ltd, 허용기준치 이상의 방향족 아민 함유로 중국산 숟가락 회수 - 일자: 2020.8.31- 유통지역: 호주 전역- 제품명: Fiskars Functional Form™ Spoon(테두리가 주황색 실리콘 처리된 검은색 나일론 서빙 숟가락; 숟가락의 양각표시:max.220°C, PA66; 바코드 번호: 6424002009665; SKU: Product Code 1027299; 제조일자: 191223)- 회수사: Fiskars Australia Pty Ltd- 원산지: 중국- 회수사유: 허용기준치 이상의 방향족 아민 함유- 제품사진: 원문참조"
ID,ood_csv_ood_data,maha,-9827.423779,-15541.755859,안전위생,영양건강,"미국 코네티컷주 한 고등학교, 카페테리아 음식에 대한 학생들의 불매운동으로 합의점 도출 이번 주, 미국 코네티컷주에 소재한 파밍턴 고등학교의 카페테리아에서 제공된 음식에 대해 학생들이 불만을 가지고 불매운동을 벌인 일이 있은 이후, 학생들은 학교측과 식품 제공업체와 합의점에 도달했다고 함. 이를 전한 사라 화이트(17)는 본지(Huffington Post)에 음식 제공업체 차트웰(사)가 제공한 카페테리아 음식 가격은 최악이었다고 전했음. 다른 학생들에 따르면, 익지 않은 닭고기가 제공되었고, 음식에서 머리카락이 발견되는가 하면, 곰팡이가 슨 음식이 제공되기도 했다고 전했음. 이에 따라, 학생들은 해당 주간 동안(월~금) 카페테리아 음식에 대해 불매운동을 벌이기로 했다고 함. 목요일, 차트웰(사)와 학교측이 카페테리아 음식을 일부 변경하기 위해 학생들과 만나는데 동의했음. 학교 측 대변인에 따르면, 차트웰(사)는 학생들을 위한 전자레인지를 바꾸고 요구에 따라 운동을 하는 학생들에 대한 영양학적 권고사항도 제공할 것이라고 전했음. 금요일(현지시간)까지 약 600 여명의 학생들이 페이스북에서 일어난 불매운동에 동참했음."
ID,ood_csv_ood_data,maha,-9827.423779,-13673.095703,물리적 위해요소,안전위생,"[회수]영국 Nestlé UK, 실리카겔 혼입 가능성으로 'AERO' 코코아 음료 자진회수 - 일자: 2022.12.1- 제품명: 배치코드 및 품질유지기한 전량1) Aero Hot Choc 288g2) AERO ‘Hot Choc’ sachets 24g3) AERO GO Instant ‘Hot Choc’ 28g- 회수사: Nestlé UK- 회수사유: 식품등급 실리카겔 혼입 가능성- 제품사진: https://s3-eu-west-1.amazonaws.com/fsa-alerts-files/production/FSA-PRIN-61-2022/Customer-notice-Nestl%C3%A9-UK-Ireland-AERO-Hot-Chocolate-products.pdf"
ID,ood_csv_ood_data,maha,-9827.423779,-12253.144531,안전위생,안전위생,"영국 정부, 브렉시트 이후 EU에서 영국으로 수입되는 신선식품에 대한 국경 검사 또 연기 영국 정부는 영국에 반입되는 식품, 동식물 제품에 대한 브렉시트 이후 검사의 도입이 다섯 번째로 연기되었음을 확인함.  2024년 1월 30일부터 유럽연합(EU)산 중위험 동물성 제품, 식물 및 식물 제품 및 비동물성 고위험 식품을 포함한 품목을 영국으로 수입할 때 위생증명서가 필요하며, 4월 말부터는 영국 국경에서 이 제품들에 대한 물리적 검사가 실시됨. 최종 단계인 2024년 10월 말부터는 EU 수입품에 대한 안전 및 안보 신고가 시행될 것임.  정부는 국경 목표 운영 모델(Target Operating Model)로 알려진 국경 전략을 통해 생물보안 위협으로부터 영국이 더욱 보호될 것이라고 함. 2023-04-06 기수집 정보: 영국 정부, 새로운 국경 강화 계획 발표...  불법 수입 등 대처 목적 "
ID,ood_csv_ood_data,maha,-9827.423779,-12131.261719,화학적 위해요소,안전위생,"월마트 캐나다, 포트맥머리 화재로 오염된 식품 판매 혐의 월마트 캐나다와 네 명의 고위 간부가 지난 5월, 앨버타주 포트 맥머리에서 화재가 발생했을 당시에 오염된 식품을 판매한 것과 관련해 공중보건법에 따라 174건의 혐의를 받음. 사건 기록부에는 초콜릿바에서 나쵸칩과 파스타, 아침식사용 시리얼, 베이컨 그리고 치즈를 포함한 각종 판매식품 목록이 기재되어 있음. 앨버타주 공중보건부는 월마트 캐나다가 포트 맥머리 시내 아울렛에 2016년 5월 24일에서 29일 사이, 섭취하기에 적합하지 않거나 오염된 식품을 재고로 쌓아두거나 판매하였다고 밝혔음. 월마트는 공중보건 검사관에게 화재 중에 오염된 식품을 판매하지 않았다고 거짓을 말하기도 했음. 화재로 대피했던 주민들이 도시로 되돌아오기 전에 공중보건 당국은 주민들과 사업장에 통조림(cans 및 tins)에 안전하게 보관된 것을 제외한 모든 식품을 폐기처분하도록 거듭 조언했음."
ID,ood_csv_ood_data,maha,-9827.423779,-48653.972656,신규 위해요소,화학적 위해요소,"미국 하와이 농업부-카우이 카운티, GMO 작물에 사용되는 농약의 인체 및 환경 영향력 평가단 구축 하와이주 농업부와 카우이 카운티가 유전자 변형(GM) 작물에 사용하는 농약의 인체 및 환경 영향 가능성을 조사하기 위해 상담 고문인에게 10만 달러를 지급했음. 진상 조사 절차는 호놀룰루 설계 및 중개인인 피터 애들러의 지휘하에 1월부터 시작되어 1년내에 마무리될 것으로 기대됨. 하와이 농업위원회의 스캇 인라이트 위원회장은 이것이 농약과 GM 작물을 둘러싼 논란이 많고 불화를 일으키는 문제뿐 아니라 그 외에 과학에 집중된 정치적 의문점까지 모두 다루기 위해 다른 나라에서 활용될 수 있는 중대한 시도라고 화요일 한 언론을 통해 전했음."
ID,ood_csv_ood_data,maha,-9827.423779,-11781.097656,신규 위해요소,신규 위해요소,"세계무역기구(WTO),  일본산 수입 식품에 대한 한국의 규제 조치 관련 패널 보고서 발표 세계무역기구(WTO)는 2월 22일(현지시각), 한국의 일본산 식품 수입규제조치에 대해 일본이 제소한 분쟁(DS495)의 패널 판정 보고서를 WTO 전 회원국에 공개 회람하였음. 동 분쟁은 2011년 3월 11일 일본 북동부 해안에서 발생한 후쿠시마 제1 원자력발전소 사고에 따른 한국의 수입 금지 조치 및 방사성 핵종에 대한 추가 검사 및 증명 요구에 관한 것임. 지난 2015년, 일본은 한국의 수입 금지 및 추가 검사 요구 등이 WTO 위생 및 식품위생(SPS) 협정 조항에 부합하지 않는다고 제소한 바 있으며, 이에 대해 WTO 패널은 다음과 같이 판정함. - SPS 협정 제2.3조 차별성 ->부합하지 않음한국의 수입금지 조치, 추가 검사 요구는 SPS 협정 제2.3조에 부합하지 않음.  - SPS 협정 제5.6조 무역 제한성 ->부합하지 않음수입 금지 및 기타 핵종 추가검사요구가 적정 보호 수준 달성에 요구되는 것보다 더욱 무역제한적임. - SPS 협정 제7조 부속서 B 투명성->부합하지 않음제7조 부속서 B의 투명성 의무와 관련하여 패널은 한국의 조치가 부속서 B(1)에 부합하지 않았음을 확인함. 또한 일본 질의에 대한 미답변 사례 등은 부속서 B(3)의 의무에 부합하지 않음.  - SPS 협정 제8조 부속서 C 검사 절차->부합함패널은 2011년 및 2013년 추가 검사 요구의 채택 및 유지와 관련해 한국이 SPS 협정 제8조 부속서 C에 따른 의무사항에 부합하지 않는다는 점을 일본 정부가 입증하는데 실패했음을 확인함. *보고서 전문: https://docs.wto.org/dol2fe/Pages/FE_Search/FE_S_S006.aspx?Query=(@Symbol=%20wt/ds495/r*%20not%20rw*)Language=ENGLISHContext=FomerScriptedSearchlanguageUIChanged=true#"
ID,ood_csv_ood_data,maha,-9827.423779,-24938.800781,안전위생,안전위생,"폴란드 수의과학검역원, 아일랜드 유명 가공업체가 부패한 고기로 버거 생산했다며 고발  폴란드의 식품안전 감시원이 말고기 파문 조사 당시, 아일랜드의 유명 가공업체에서 대량의 부패한 고기를 발견했으며 이것이 인간의 식품망에 유입됐을 가능성이 있다고 주장함.  해당 업체는 아일랜드 모내한(County Monaghan)주에 소재한 'Silvervrest' 공장이며 말고기 파문 당시 'Tesco', 'Aldi', 'Co-op', 'Burger King'에 말고기 혼입 냉동 버거를 생산해 납품한 업체이기도 함.  폴란드 수의과학검역원의 카타리지나 피스코르츠(Katarzyna Piskorz)는 보고서를 통해 인간이 섭취하기에는 부적절한 고기가 말고기 파문 당시 식품망에 유입됐을 가능성이 있다고 주장했음. 그러나 제조업자는 단순히 말고기 파문에 대한 조사를 받기 위해 부패한 고기를 보관해둔 것 뿐이라고 해명함. 북아일랜드 관계당국 역시 검사를 위해 해당 고기를 전량 수거했다며 식품망 유입 가능성을 일축했음. "
ID,ood_csv_ood_data,maha,-9827.423779,-10004.968750,화학적 위해요소,화학적 위해요소,"미국 로스앤젤레스 주, 대마 구미 섭취 후 환자 8명 발생 미국 로스앤젤레스 주 소방당국은 주 내 Sun Valley Magnet School에서 12-16세의 아동 8명이 대마가 가미된(pot-laced) 사탕을 섭취한 후 병에 들었다고 밝혔음. "
ID,ood_csv_ood_data,maha,-9827.423779,-10266.697266,신규 위해요소,신규 위해요소,"영국 정부, 유전자편집은 환경과 자연을 보호할 수 있는 가능성 창출해...유전자편집의 미래에 대한 협의 착수 영국 환경장관 유스티스(George Eustice)는 오늘 (1.7) 옥스포드 농업회의에서 해충, 질병 또는 극한 기후에 내성이 있는 농작물을 재배하는 농부들을 돕고 더욱 건강하고 영양가 있는 식품을 생산할 수 있는 유전자 편집(gene editing)에 대한 협의 계획을 발표할 예정임. 유전자 편집은 한 종(種)의 DNA가 다른 종에 유입되는 유전자 변형과는 다름. 유전자가 편집된 유기체에는 다른 종의 DNA가 없는 대신, 전통적 육방법을 사용하여 서서히 생길 수 있는 변화만을 만들어냄. 그러나 현재, 2018년 유럽사법재판소의 법적인 판결로 인해 유전자 편집은 유전자 변형과 같은 방식으로 규제되고 있음. 오늘 발표된 협의는(*) 특정 유전자 편집 유기체가 유전자 변형과 같은 방식으로 규제되는 것을 중단하는 데에 초점을 맞출 것임. 동 접근법은 이미 일본, 호주, 아르헨티나를 비롯한 전 세계 여러 국가에서 채택되었음.의견수렴 기간: 2021.1.7 ~ 2021.3.17(*)의견수렴 원문: https://consult.defra.gov.uk/agri-food-chain-directorate/the-regulation-of-genetic-technologies/<의견수렴 배경>GMO 사용을 통제하는 유럽연합(EU) 법률은 전환기가 끝나는 2020년 12월 31일 이후 영국에서 유지되어 왔음. 현행 법률은 모든 유전자편집 유기체가 전통적 육종방법에 의해 생산됐는지의 여부에 관계없이 GMO로 분류되어야 한다고 규정하고 있음. 환경식품농촌부 Defra의 견해는 유전자편집 또는 다른 유전 공학으로 생산된 유기체가 전통적 육종법에 의해 생산될 수 있었다면 GMO로 규제되어서는 안 된다는 것임. Defra는 해당 주제에 대해 다양한 의견이 있음을 인식하고, 모든 견해를 공유할 수 있는 기회를 제공하기 위해 협의를 시작함."
ID,ood_csv_ood_data,maha,-9827.423779,-25278.121094,안전위생,안전위생,"[회수]영국 Lung Wah Chong, 질식 위험으로 컵젤리 회수 - 일자: 2021.7.28- 지역: 잉글랜드, 웨일스- 제품:1) TSM Mini Ice Jelly (Pack size: 50 x 19g tub, 배치코드, 품질유지기한: 전부)2) XZL Jelly in School Bag (Pack size: 600g, 배치코드, 품질유지기한: 전부)3) XZL Mix Jelly (Pack size: 360g, 배치코드, 품질유지기한: 전부)- 회수사: Lung Wah Chong- 회수사유: 압력이 가해지면 컵 또는 캡슐에서 제품이 하나의 조각으로 튀어나올 수 있음- 제품사진: https://s3-eu-west-1.amazonaws.com/fsa-alerts-files/production/FSA-PRIN-44-2021/Lung-Wah-Chong-recalls-several-Jelly-cup-products-because-of-a-choking-hazard.pdf"
ID,ood_csv_ood_data,maha,-9827.423779,-14823.326172,영양건강,영양건강,"국제암연구소 외 연구진, 초가공 식품의 영향 중 외면 받는 환경적 여파에 대한 논평 게재 국제암연구소(IARC) 외 연구진은 The Lancet Planet Health에 팜유와 콩기름을 많이 함유한 초가공(ultra-processed) 식품이 미치는 환경적 영향에 대한 논평(*)을 게재함. 초가공식품(UPF)이 건강에 해롭다는 증거는 축적되고 있지만, 우리는 UPF가 환경에 미치는 영향 및 만약 영향이 있다면 지속 가능한 식단으로 전환하는데 UPF가 어떤 역할을 해야 하는지에 대해 거의 알지 못함. 연구진은 논평을 통해 식품의 환경 영향과 전반적인 지속 가능성을 평가할 때 더 광범위한 요소들이 포함되어야 한다고 요구함. 연구진은 초가공 식품에 초점을 맞추고 식이(diets)의 환경과 건강적인 영향을 추정할 때 초가공 처리를 고려해야 할 몇 가지 방법을 찾아냄.  (*) https://doi.org/10.1016/S2542-5196(20)30177-7"
ID,ood_csv_ood_data,maha,-9827.423779,-71072.507812,안전위생,안전위생,"미국 제네럴밀스, 2025년까지 방사란 사용에 동참 미국 제네럴밀스가 2025년까지 전세계 영업망에 방사란만을 사용하겠다는 새로운 사내 방침을 밝혔음.  제너럴밀스의 이 같은 입장은 최근 식품 제조업체인 유니레버, 켈로그, 펩시, 사라 리, 펩시 외에도 식품접객업소인 소덱소, 패스트푸드업체인 맥도날드와 버거킹, 소매점인 월마트, 알디 등이 이와 유사한 약속을 다짐한 이후에 이루어졌음.  제네럴밀스 측은 일본과 태국, 호주, 독일, 프랑스, 러시아, 이스라엘, 브라질, 멕시코 등 전세계 100여 개국에서 판매하는 자사의 전 제푸에 적용하겠다고 설명했으며, 이에 따라 베티 크로커 베이킹 제품과 케이크 믹스, 하겐 다즈 아이스크림이 포함됨.  방사란으로 전환하고 있는 업체들은 소비자들이 인도적인 처리를 선호하는 경향을 반영한 것이라 말하고 있지만 실제 방사라고 해서 닭들이 자유롭게 활동할 수 있는 것은 아님.  미국 농무부는 방사 닭을 갇힌 공간에서 자유롭게 돌아다니는 개체로, 반드시 야외에 나가지 않아도 된다고 밝힌 바 있음. 이 외에도 제 0회 순회항소법원은 앞서 2월 27일, 방사 암탉이 식품 안전이나 영양가를 향상시키지는 않는다고 판결한 바 있음. "
ID,ood_csv_ood_data,maha,-9827.423779,-35142.617188,생물학적 위해요소,안전위생,"캐나다 공영방송, 시중 올리브유 1/3은 품질 기준 미달  캐나다 공영방송(CBC)가 시중에서 판매 중인 올리브유의 1/3은 국제 올리브 협회(IOC)의 품질 기준에 맞지 않다고 보도했음.  CBC 프랑스어 TV 프로그램 'L’epicerie'에서는 지난 3월, 올리브유 품질을 다루면서, 정보공개법에 따라 캐나다 식품검사청(CFIA)에서 얻은 올리브유 검체의 화학 분석 결과를 보도했음.  방송 연구진들은 천 여 장에 달하는 서류를 확인한 결과, 분석 검체의 33%는 변질 또는 부정표시가 확인되어 품질 기준에 적합하지 않은 것으로 나타났음.  실험 보고서에서 검체에서 각종 다른 종류의 식용유가 다량 검출된 사실도 드러났음. 식품검사청의 한 연구진은 방송에서 올리브유 검체를 실험 분석했더니 해바라기유가 미량 함유된 경우가 있었다고 밝혔음.  국제 기준에 맞지 않는 검체들도 있었는데, 캐놀라 같은 다른 식용유로 변질되어 있거나 엑스트라 버진 올리브유로 잘못 표시된 경우, 또는 산패가 일어났거나 판매기한이 경과한 제품들도 있었음. 일부 변질된 브랜드로는 ItalCan(사)의 Caruso, Simon  Nolan(사)의 Villa Toscanella가 있었음.  지난 10년 간 캐나다 식품검사청은 140여 개 브랜드의 올리브유 검체 550건을 검사했으며, 이 중 44개 브랜드가 품질 기준에 미달했음. 품질 부적합 식품명은 캐나다 보건부 웹사이트에 공개되어 있으며, 해당 업체는 특정 기한까지 문제를 시정하고, 관련 요건을 준수해야 함. "
ID,ood_csv_ood_data,maha,-9827.423779,-20731.490234,안전위생,물리적 위해요소,"[회수]캐나다 Limson Canada Ltd., 포테이토 베리 존재로 냉동 채소믹스 회수 -최초 발표 일자 : 2023-06-21 (최신 업데이트 일자 : 2023-06-08)-유통지역 : 캐나다 Alberta-회수사 : Limson Canada Ltd.-제품 : 브랜드; 제품; 중량; 코드; UPCCanada Max Source; Mixed Vegetables - Wok Blend; 12 kg; 243044; 10617494001313-회수사유 : 포테이토 베리(potato berry) 존재-제품사진 : -"
ID,ood_csv_ood_data,maha,-9827.423779,-15912.656250,안전위생,영양건강,"미국, 에너지 음료 과소비 26세 남성 심장마비 진단 받아 미국에서 매일 에너지 음료를 수 병씩 마신 26세 남성이 심장 마비 진단을 받은 사실이 밝혀짐.  텍사스 공학 대학 건강과학센터 응급의학 케이스 리포트(*)에 따르면, 2년 간의 흡연 이외에는 특별한 병력 사항이 없음에도 불구하고, 이 남성은 심장과 왼팔의 통증을 호소하며 응급실에 방문함. 의사들은 그의 심박수, 혈압, 산소 수치 모두 정상치를 보였다고 함. 하지만, 심장 도관 삽입을 통해 몇몇 이상 현상과 더불어 동맥 하나가 완전히 막혀 있는 것을 발견함. 26세 남성은 매일 하루 8개에서 10개 정도의 에너지 음료를 마셔온 것을 고백함. 남성은 혈액 순환을 위해 동맥에 스텐트를 주입하였고, 이틀 후 병원에서 퇴원함. 해당 사건 관계인은 남성의 과도한 에너지 음료 섭취가 혈액 응고를 일으켰으며, 이는 심장 마비로 이어졌다고 함. (*) https://www.hindawi.com/journals/criem/2015/537689/"
ID,ood_csv_ood_data,maha,-9827.423779,-11717.027344,영양건강,영양건강,"영국 영양재단, 어린이들 식재료에 대한 지식 부족해 영국 영양재단(BNF)이 5~16세 아동 및 청소년 5000명을 대상으로 조사한 결과 14~16세 청소년의 1/10이 토마토가 땅 속에서 자란다고 답했으며, 8~11세 어린이의 13%는 파스타가 동물로부터 생산된다고 생각했음. 5~7세의 18%는 생선너겟을 닭고기로 만든 식품으로 생각했으며, 11~14세의 1/10은 당근과 감자가 땅 속에서 재배된다는 사실을 알지 못했음. 또한, 이번 조사를 통해 아동 및 청소년들이 건강에 이로운 식사에 관한 정보를 어디에서 얻는지 알 수 있었음. 14~16세의 64%와 11~14세의 54%는 인터넷을 통해 정보를 얻는다고 답했음. 가장 많은 선택을 받은 인터넷 다음으로, 학교를 통해 정보를 얻는다고 응답한 비율은 14~16세에서는 51%, 11~14세에서는 59%로 나타남. BNF의 교육 책임자는 ""우리는 어린이들이 인터넷이나 다른 곳에서 어떤 자료를 접하게 되는지는 통제할 수 없지만, 교사들이 정확한 정보를 갖추도록 보장할 수 있다. 그러나 지난해 BNF가 초등학교 교사들을 대상으로 실시한 조사에 따르면 10명 중 7명이 지난 2년 동안 '식품'에 대한 연수를 받은 적이 없다고 응답했다""라고 전했음. BNF 교육 책임자에 따르면 식품영양 교육과 관련하여 중앙 차원에서 교사를 지원하지 않기 때문에 학교와 개별 교사에게 각자의 방식으로 커리큘럼을 해석하고 이행할 책임이 주어짐. 그러나 이러한 방식에서는 영국 전역의 학교에서 상충되거나 오인을 유발하는 메세지가 전달될 위험이 있음."
ID,ood_csv_ood_data,maha,-9827.423779,-13727.067383,화학적 위해요소,화학적 위해요소,"[회수]독일 Vogtlandmilch, 포장 결함 문제로 우유 회수 ​- 일자: 2017.11.3- 유통지역: 독일 Bayern, Brandenburg, Bremen, Hamburg, Hessen, Mecklenburg-Vorpommern, Saches-Anhalt- 제품명: Joe Clever 딸기맛 우유 0.2L, 날짜 4-4-2018, 로트 4021138001307- 회수사유: 포장 문제- 기타: 독일 법무부 및 유럽소비자협회(MdjEV)는 우유 포장의 빨대를 꽂아 먹는 부분이 훼손된 정확을 경찰이 조사 중이라고 발표함- 제품사진: 원문 참조  "
ID,ood_csv_ood_data,maha,-9827.423779,-9908.911133,화학적 위해요소,화학적 위해요소,"[회수]미국 Borden Dairy Company, 식품용 소독제 혼입 가능성으로 우유 회수  - 일시: 2015.12.4- 지역: 텍사스 중남부 학군, 시설, 일부 소매점- 제품명: Borden Fat Free Chocolate Half Pint Cartons (코드 Dec 14 / 공장코드 480301)- 회수사: Borden Dairy Company- 회수사유: 일부 제품에 희석된 식품용 소독제가 함유되었을 수 있으며, 이로 인해 덩어리 질감과 이미 또는 변색이 있을 수 있음. 텍사스 주 보건복지부의 협조에 제품을 자진 회수함. "
ID,ood_csv_ood_data,maha,-9827.423779,-13611.952148,표시광고,표시광고,"캐나다 식품검사청, 식물성 육류 제품 가이드라인의 업데이트에 대한 의견 수렴 캐나다 식품검사청(CFIA)이 모조 육류 및 모조 가금류 제품(simulated meat and simulated poultry products) 가이드라인의 업데이트에 대한 의견을 수렴함. 이번 의견 수렴은 11월 3일부터 12월 3일까지 30일 동안 진행됨. 캐나다 정부는 기존의 가이드라인을 업데이트하여 다음 식품들을 구분하도록 했음.- 육류 및 가금류 제품- 모조 육류 및 모조 가금류 제품- 육류나 가금류를 대체하지 않는 기타 식품 기존 가이드라인은 육류 또는 가금류의 물리적·영양학적 특성을 갖는다고 광고되는 모조 육류 또는 모조 가금류 제품의 법적 요건을 기술하고 있음. 그런데 최근 새로운 식물성 제품이 많아지면서 육류나 가금류 대체용으로 제조되지 않은 새로운 식물성 식품들의 존재가 확인되었고, 이에 따라 가이드라인을 업데이트하여 이러한 제품들을 모조 육류 또는 모조 가금류 제품과 구분할 수 있도록 함. 모조 육류 또는 모조 가금류 제품에 대한 요건은 달라지지 않았음. 이 외에도 업데이트된 가이드라인에는 특정 식품이 혼동이 가능한 다른 유사 식품과 충분히 구분될 수 있도록 제품 이름이나 포장 상의 표시 문구를 통해 해당 식품을 명확하게 규정해야 한다는 내용도 포함되었음."
ID,ood_csv_ood_data,maha,-9827.423779,-18564.199219,안전위생,화학적 위해요소,"영국 웨일스 카디프, 100마리 이상의 바퀴벌레 발견된 식당 과태료 처분 영국 웨일스 카디프 소재의 한 테이크아웃 카페에서 100여 마리의 바퀴벌레가 발견되어, 소유주 둘에게 각각 1,000파운드, 500파운드의 과태료가 부과되었음.  불시로 진행된 식품 위생 검사 과정에서 소유주 중 한 명이 카운터 및 곤충을 쓸어내는 것이 목격되기도 했음.  이들은 카디프 의회에 의해 기소된 후 450파운드의 비용을 지불하라는 명령도 받았는데, 이는 2019년 5월 의회 직원들이 샌드위치, 카레 요리, 구운 감자를 제공하는 카페를 정기 점검한 데 이은 것임. 주방 바닥에서 살충제 분말이 발견된 후 조사관이 정밀 검사를 실시했는데, 더 많은 곤충뿐 아니라 싱크대 밑에서 바퀴벌레 덫도 발견되었음. 동 카페는 바퀴벌레가 살모넬라균을 옮길 위험으로 인해 자발적으로 폐쇄했음."
ID,ood_csv_ood_data,maha,-9827.423779,-10184.746094,영양건강,영양건강,"노르웨이, 시험 결과 맥주 중 알콜 고함량 노르웨이 양조음료협회가 다수의 식료품점에서 법정 맥주 알코올 함량 4.7%보다 높은 도수의 자국 소규모 양조장 맥주를 적발했음. 138개의 각기 다른 맥주를 대상으로 한 시험에서, 전체의 60%가 알코올 함량이 '지나치게 셈'으로 나타났으며, 이 중 일부는 7%가 넘는 제품도 있었음. "
ID,ood_csv_ood_data,maha,-9827.423779,-12842.047852,영양건강,영양건강,"미국 식생활지침자문위원회, 2025년 위원회의 과학 보고서 게시 미국 식생활지침자문위원회(DGAC)는 위원회의 '2025년 과학 보고서(Scientific Report of the 2025 Dietary Guidelines Advisory Committee)'를 게시(*)하였음. 이 보고서는 미국 보건복지부(HHS) 및 농무부(USDA)가 '미국인을 위한 식이 지침(Dietary Guidelines for Americans) 2025-2030'을 작성하는 데 사용하는 참고 자료로 활용될 것이며 지침은 2025년 말에 발표할 예정임. HHS 및 USDA는 DGAC의 보고서에 대한 의견수렴을 60일간 진행할 것이며 2025년 1월 16일의 공개회의를 개최하여 구두로 의견을 수렴할 것임. (*) https://www.dietaryguidelines.gov/2025-advisory-committee-report"
ID,ood_csv_ood_data,maha,-9827.423779,-10882.684570,화학적 위해요소,표시광고,"미국 FDA, 대마 식이보충제 판매한 8개 업체에 경고장 발부 미국 식품의약품청(FDA)이 대마(cannabidiol) 식이보충제를 제조한 업체 8곳에 경고장을 발부했음.  이들 경고장은 제품에 불법 마약을 강조표시 한 사실을 지적했음. 이들 제품에는 '강력한 염증성 질환 치료', '관절염, 당뇨, 알코올중독, 만성통증 등 각종 질환을 치료' 같은 항암활동을 강조한 내용이 표시되어 있었음. FDA는 자가 진단으로 치료가 불가한 질환들에는 이러한 표현을 사용할 수 없다고 언급함.  FDA는 경고장 6건에서, 식이보충제로 명시했으나 대마 제품은 식이보충제 정의에 속하지 않는 것으로 결론내린다고 언급함. 나머지 두 제품에 대해서는 외형이 식품과 유사하다고 지적함.  청은 지난해 'FDA와 마리화나: 질의응답'에서 식이보충제나 일반 식품으로 판매되는 성분은 시판전 허가를 받지 않아도 되나 대마는 해당되지 않는다는 결론을 밝힌 바 있음. 다만, 대마 제품을 식이보충제 정의에서 제외된다는 현재의 결론에 대해 의문을 제기할 만한 근거가 없으므로 관련자는 청에 관련 자료를 제출해도 좋다고 언급했었음. "
ID,ood_csv_ood_data,maha,-9827.423779,-12229.040039,화학적 위해요소,화학적 위해요소,"뉴질랜드, 폰테라(사)와 농민연합에 1080 농약 협박한 남성 유죄 인정 뉴질랜드의 폰테라(사)와 농민연합(Federated Farmers)을 협박한 혐의로 기소된 사업가가 혐의 두 가지를 모두 시인했음. 이름이 공개되지 않은 이 60세 남성은 지난 10월 마누카우 지방법원에서 두 가지 협박 죄목으로 기소된 후, 오늘 (17일) 오클랜드 고등법원에 나타났음.  오늘 이 남성은 2014년 11월에 폰테라(사)와 농민연합에 영아용 조제식에 1080 농약을 넣겠다고 협박하는 협박편지를 보낸 사실을 시인했음. 혐의 둘 다에 유죄 판결이 내려짐. 그러나 판사는 피고인이 진술한 답변의 사실적 기초가 계쟁 중에 있으며, 계쟁사실 심리는 2월에 있을 것이라고 말했음.  선고일은 그때 결정될 예정임. 마누카우 지방법원에 원래 제출된 법원 서류에 따르면 이 남성은 재정적인 이유로 동기가 부여됐음. 나중에 이 남성이 해충방제품 생산업체들과 관련됐단 사실이 밝혀졌음. 해당 업체들의 이름은 남성의 이름과 마찬가지로 적어도 2016년 중반까지 발표되지 않음. 경찰은 지난 3월, 폰테라(사)와 농민연합이 작년에 1080 독에 양성반응을 보이는 포장우유 제품들과 함께 협박 편지들을 받은 사실을 공개했음.  이 편지들은 뉴질랜드가 올해 3월 말까지 1080 독 사용을 중단하지 않을 경우 영아용 조제식과 기타 제품들을 오염시키겠다고 협박했음. 또한 이 문제를 공개적으로 폭로하겠다고 협박했음. 1080은 주머니쥐와 쥐, 담비와 같은 해충을 방제할 목적으로 보호부(the Department of Conservation)에서 널리 사용함."
ID,ood_csv_ood_data,maha,-9827.423779,-20464.501953,화학적 위해요소,안전위생,"[E/R]미국 Gourmet International Inc., 뚜껑 새는 현상 다수 접수된 주스음료 회수(터키 수입) -지역: 미국 IL MI WI CA MN OH WA VA-회수사: Gourmet International Inc. (회수중, 회수일 7/5/2018)-회수사유: 뚜껑 샘 현상 신고 다수 발생-제품명: 터키 수입제품1) SPARKLING GRAPEFRUIT JUICE DRINK, 6/34 oz., 코드/일자 914512 전체, UPC 1-91414-00512-22) SPARKLING LEMON JUICE DRINK , 6 /34 oz., 코드/일자 914513 전체, UPC 1-91414-00513-9  3) SPARKLING LIME JUICE DRINK, 6/34 oz, 코드/일자 914514 전체, UPC 1-91414-00514-64) SPARKLING MANDARIN JUICE DRINK, 6/34 oz., 코드/일자 914515 전체, UPC 1-91414-00515-35) SPARKLING POMEGRANETE JUICE DRNK, 6/34 oz., 코드/일자 914516 전체, UPC 1-91414-00516-06) SPARKLING SOUR CHERRY JUICE DRINK, 6/34 oz., 코드/일자 914517 전체, UPC 1-91414-00517-7"
ID,ood_csv_ood_data,maha,-9827.423779,-15661.857422,안전위생,안전위생,"유럽식품안전청, 미쓰비시(사)의 항산화 소금에 대해 회원국들 우려해 유럽식품안전청(EFSA)은 회원국들의 독성에 대한 우려를 고려해 미쓰비시(Mitsubishi)(사)의 신소재 식품인 항산화 소금의 안전평가에 대해 고삐를 죄었음.  미쓰비시(사)는 2012년 'Pyrroloquinoline Quinone 디소듐 소금'에 대한 신소재 식품 신청을 진행한 바 있음.  그러나 2016년 아일랜드 식품안전청(FSAI)은 특히 유전독성을 포함해 성분들의 안전성을 지지하는 데이터가 불충분하다고 판단해 추가적인 평가가 필요하다고 결론내렸음.  이러한 우려는 이후 회원국들에 의해 다시 표출되었음.  제출된 동물연구 보고서에는 상기 제품의 고함량 섭취 시 소변에서의 해당성분 결정화를 비롯해 신장 독성 및 암녹색 대변을 포함한 부작용들이 나타났다고 언급하고 있음. 신청서에는 성분('Hyphomicrobium denitrificans'의 발효를 통해 생산된 적갈색 가루)을 하루 50mg만큼 식품 보충제에 99% 순도로 사용할 수 있다고 제안되었음. 'BioPQQ' 브랜드로 미쓰비시(사)에 의해 마케팅된 이 성분은 항산화 물질로서 콜레스테롤 수치를 낮추는 데 도움을 준다고 예상되어 왔음. 미쓰비시(사)의 RD 부서에서 내놓은 2015 보고서에 의하면, 성분은 LDL 콜레스테롤 감소에 도움을 주는 것으로 밝혀졌음. 뿐만 아니라 인지 및 면역 기능과 생장촉진에도 이롭다고 전했음.  한편 미국에서 이 성분은 스포츠 영양 분야에서 판매되어 왔음. "
ID,ood_csv_ood_data,maha,-9827.423779,-15125.622070,화학적 위해요소,안전위생,"[회수]영국 Loch Lomond Brewery, 탄산가스 과다 주입으로 에일 제품 3종 회수 -일시 : 2019.7.19.-지역 : 영국 Lidl 독점 판매-제품명 : 사용권장기한 2020년 6월, 배치코드 100619 동일1) Citra Kind of Magic 4.0% APA2) Lost in Mosaic 5.0% IPA3) Red or Dead 4.5% IPA  440ml-회수사 : Loch Lomond Brewery-회수사유 : 탄산가스 과다 주입에 따라 개봉 시 캔이 터지며 열릴 가능성 있음-제품사진 : 원문참조"
ID,ood_csv_ood_data,maha,-9827.423779,-14779.220703,영양건강,영양건강,"미국 식품의약품청, Revive Superfoods(사) 제품 섭취한 소비자의 급성 간부전 보고에 대한 조사 진행 중 미국 식품의약품청(FDA)은 Revive Superfoods(사)의 제품을 섭취한 이후 급성 간부전을 겪었다고 밝힌 사람들의 불만 사례를 조사하고 있음. FDA는 이미 Daily Harvest(사)에 대한 조사를 진행하고 있으며 이제는 Revive Superfoods도 조사하고 있다고 밝혔음. Vincent Carrotozzolo는 6월에 간 효소 증가로 입원하였고 급성 간부전을 경계하고 있다고 함.  그는 Revive Superfoods의 스무디(베리스무디, 망고파인애플스무디)를 섭취했었다고 하며, 최근 Daily Harvest(사)의 French Lentil + Leek crumbles 제품 회수와 소비자들의 만성 간부전 문제의 원인으로 타라분말이 지목되었음을 들었다고 함. 또한 그는 타라 단백질이 Revive Superfoods의 망고파인애플스무디(Mango and Pineapple smoothies)의 성분임을 알게 되었음. Revive Superfoods는 망고파인애플스무디에 대한 병원균, 독소, 알레르기 유발성분 검사 결과가 음성이었다고 밝혔음. 캐나다 식품검사청과 FDA는 현재 조사 진행 중이라고 밝혔음."
ID,ood_csv_ood_data,maha,-9827.423779,-14416.636719,안전위생,화학적 위해요소,"[회수]캐나다 That Homebrew Shop, 과탄산나트륨 존재로 아스코르브산 회수 - 최초 발표 일자: 2023-09-26 (업데이트 일자: 2023-09-27)- 유통지역: 캐나다 브리티시컬럼비아- 회수사: That Homebrew Shop- 제품명: Ascorbic Acid 100 g; 코드: February 21, 2023부터 March 28, 2023 포함한 날짜까지 전부; UPC: - - 회수사유: 과탄산나트륨 존재- 제품사진: -"
ID,ood_csv_ood_data,maha,-9827.423779,-11165.132812,물리적 위해요소,안전위생,"호주 연방의료제품청, 변색 및 프로바이오틱 수치 감소로 'Ultrabiotic Factors for Juniors, Chewable Tablets' 회수 - 일자: 2022.1.6(회수조치시행일)(정보개시일: 1.10)- 제품명 및 설명: Ultrabiotic Factors for Juniors, Chewable Tablets, (30s 및 60s) > 배치번호: 200649, 201418, 201420, 210334, 200492, 201419, 201421, 210333, 210835 > ARTG 341873- 회수사(Responsible Entity(*)): FIT-BioCeuticals Limited * 회수 조치의 책임이 있는 스폰서/공급자/수입자를 나타냄- 회수사유: BioCeuticals은 특정 배치의 UltraBiotic Factors for Juniors (30s) (60s)에서 얼룩덜룩한 정제 알에 대한 소수의 불만을 접수받았음. 이후 BioCeuticals 가 항의 받은 배치와 남은 샘플에 대한 검사를 실시한 결과, 프로바이오틱스의 수치가 크가 감소한 것으로 확인되었음. 해당 배치들은 두 가지 프로바이오틱(총 Lactobacillus 및 총 Bifidobacterium) 활성에 대한 150억 CFU의 강조표시 요건을 충족하지 못할 수 있음.일반적으로 프로바이오틱스 원료는 습기에 민감함. BioCeutical 검사 결과, 일부 베조 성분에서 결합 가능한 습기를 발견하였으며, 이는 시간이 흐름에 따라 변색되도 프로바이오틱스 수치가 감소하는 원인이 됨.* https://www.tga.gov.au/aust-numbers-medicine-labelsARTG(Australian Register of Therapeutic Goods)에 포함된 모든 의약품은 관련 AUST 번호(AUST R, AUST L 또는 AUST L(A) 번호)을 포함해야 함. AUST 번호는 ARTG에서 제품을 식별함. ARTG ID 또는 등록/등재 번호로 알려져 있음."
ID,ood_csv_ood_data,maha,-9827.423779,-33061.710938,신규 위해요소,신규 위해요소,"호주, 이르면 내년 호주 슈퍼마켓에 배양육이 진열될 수 있어 호주뉴질랜드 식품기준청(FSANZ)는 고급 배양육 업체의 신청서를 평가하고 있으며, 다른 업체는 상황이 어떻게 바뀌는지 지켜보고 있음. 이는 미국 농무부가 Upside Foods(사)와 Good Meat(사)의 ""실험실에서 생장한(lab-grown)"" 또는 ""세포 배양된(cell-cultivated)""의 라벨이 붙은 닭고기를 판매할 수 있도록 승인한 것에 따른 것임.세포 기반의 육류 업체인 Vow(사)가 호주 최초로 배양육 판매를 신청했음. FSANZ 관계자는 ABC언론사에 FSANZ가 8월에 해당 신청 건에 대해 논의하고 내년 3월까지 결정할 예정이라고 함.배양육 업체인  Magic Valley(사)는 올해 식품안전기관에 신청서를 제출하고, 승인을 받으면 2024년 말까지 제품화를 목표로 계획하고 있다고 함."
ID,ood_csv_ood_data,maha,-9827.423779,-18950.847656,화학적 위해요소,물리적 위해요소,"[회수]호주 Kmart Australia Limited, 제품 하자로 머그잔 세트 4종 회수 - 회수일시: 2015.7.7- 유통지역: 호주- 제품명: Homemaker Mugs (4개 한 세트, 세트 4종, 6개 스타일, 판매기간: 2015.1.13 ~ 2015.6.22)- 스타일: APN Nos.1) 9341102716897 - Cockatiel2) 9341102716903 - Dipped3) 9341102716910 - Natural4) 9341102717023 - Urban5) 9341102726582 - Floral6) 9341102726599 - Isha- 회수사: Kmart Australia Limited- 회수사유: 뜨거운 액체를 담을 경우 머그잔에 금이 갈 수 있으며 바닥이 떨어져 나갈 수 있음- 기타: 제품 사진은 원문 참조 "
ID,ood_csv_ood_data,maha,-9827.423779,-15968.080078,영양건강,안전위생,"영국 Iceland Foods, 가장 매운 고추 종으로 알려진 '페퍼 X' 함유한 즉석식품 2종에 18세 이상 연령제한 도입해 영국 언론 Daily Mail에 따르면, 슈퍼마켓 체인인 Iceland Foods(사)는 가장 매운 고추 종으로 알려진 '페퍼 X(Pepper X)'를 함유한 즉석식품 2종에 18세 이상만 구입 가능한 연령제한을 도입하였음.  페퍼 X는 스코빌 지수가 269만으로 할라피뇨보다 53,000% 이상 매움. 이는 Iceland(사)의 Chicken Tikka Masala 즉석식품과 Chilli Mac and Cheese 즉석식품에 포함되었음.  이로써 Iceland(사)는 영국 소매업체 중 최초로 즉석식품에 연령 제한을 두게 되었으며, 이는 극한의 매운맛으로부터 젊은 고객을 보호하기 위한 결정임. 슈퍼마켓 직원은 계산대에서 신분증을 확인하여 미성년 고객이 동 제품을 구매할 수 없도록 할 것임. "
ID,ood_csv_ood_data,maha,-9827.423779,-17426.441406,신규 위해요소,신규 위해요소,"미국 농업마케팅국, 생명공학 식품 목록 업데이트에 대한 의견 수렴 미국 농무부 농업마케팅국(AMS)이 생명공학 식품 목록(List of Bioengineered Foods)의 업데이트에 대해 의견을 수렴한다고 발표함. 업데이트 내용은 (1)해충 저항성을 갖는 유전자변형 사탕수수 'Sugarcane (insect-resistant)'를 목록에 추가하고, (2)이미 목록에 있는 여름 호박 'Squash (summer)'의 명칭에 '바이러스 저항성(virus-resistant)'을 포함하는 것임.  이 외에도 농업마케팅국은 현재 승인 과정 중에 있거나 승인되었지만 식품용 생산이 합법화되지 않은 유전자변형 동부콩(Cowpea) 품종 'Event—AAT709A' 및 쌀 품종 'Event—GR2E'에 대해서도 목록 등재를 고려하고 있는데, 해당 품종과 관련된 추가적인 정보가 있는지에 대해서도 의견을 수렴한다고 밝혔음."
ID,ood_csv_ood_data,maha,-9827.423779,-11793.856445,화학적 위해요소,화학적 위해요소,"[회수]캐나다 Cascade Designs Inc., 손잡이 분리로 인한 화상위험으로 태국산 캠핑용 냄비 회수 - 최초 발표 일자: 2024-02-22(최신 업데이트 일자: 2024-02-22)- 유통지역: 캐나다, 미국 및 멕시코- 회수/수입업체: Cascade Designs Inc.(미국)- 제품 정보: MSR camping cooking pots모델명; 용량Pocket Rocket Stove KitReactor 1.0L Pot; .0 LReactor 1.0L Stove System; 1.0 LReactor 1.7L Pot; 1.7 LReactor 1.7L Stove System; 1.7 LTrail Lite 1.3L Pot; 1.3 LTrail Lite 2L Pot; 2 LTrail Lite Duo Cook SetTrail Lite Solo Cook Set- 원산지: 태국- 회수사유: 냄비 손잡이가 분리되거나 헐거워져 뜨거운 음식과 액체가 제품에서 흘러나와 소비자가 화상을 입을 수 있음.- 제품사진: 원문참조- 기타: 2024년 2월 21일, 동 업체는 캐나다에서 화상사례 1건을 보고받았음. 미국에서는 고온에서 액체를 가열한 뒤 손잡이가 분리되어 액체가 사람에게 떨어져 화상을 입었다는 21건의 보고를 받았음. 동 업체는 멕시코의 부상 또는 사고 보고를 받지 않음."
ID,ood_csv_ood_data,maha,-9827.423779,-32433.292969,안전위생,안전위생,"호주 소비자경쟁위원회, 2015-2016 소비자 제품 회수건 증가   호주 소비자경쟁위원회(ACCC)의 분석 수치(*)에 따르면, 2015-2016년도 회수 제품 중 최다 목록을 차지한 품목은 자동차로 나타났음.(식품 관련 내용 발췌) ACCC는 식품회수 빈도에 따른 순위를 항목별로 공개했음. 자동차 다음 순위 항목을 식품과 식료품(123건, 2014-2015: 71건)이 차지했음. 회수 사유로는 견과나 알류와 같은 알레르기 유발성분 미표시, 금속성 이물 등 오염물질 또는 세균이 가장 두드러진 이유였음.(*)http://www.accc.gov.au/media-release/check-your-home-for-recalled-products "
ID,ood_csv_ood_data,maha,-9827.423779,-10583.611328,물리적 위해요소,물리적 위해요소,"뉴질랜드 일차산업부, 선박에서 살아있는 초파리 유충 발견함에 따라 대만산 망고 및 리치 수입 중단 국경에 있는 선박에서 살아있는 초파리 유충을 발견한 후 대만산 신선 리치 및 망고 수입을 중단함. 뉴질랜드 일차산업부는 지난 금요일 과일 탁송물에서 유충를 발견하였고, 그다음날 동양 초파리(oriental fruit fly)인 것으로 확인했다고 함. 이 초파리는 국경에서 발견되어 왔지만, 뉴질랜드 내에서 발견되지 않았음. 이 곤충은 과일에 알을 낳고, 그러면 구더기는 과일을 먹으면서 과일을 썩게하고 판매 불가능하게 만들음. 증기 열 처리된 대만산 리치 및 망고 수입은 조사가 진행되는 동안 중단됨. 국경에 도착하는 탁송물은 폐기 또는 반송이라는 선택지와 함께 대기하게 될 것임."
ID,ood_csv_ood_data,maha,-9827.423779,-16835.574219,안전위생,안전위생,"유럽집행위원회, 식품 및 농업에 관한 여론 조사 결과 발표 유럽집행위원회는 유럽연합(EU)의 식품 및 농업에 대한 여론조사 결과(*)를 발표했음. EU 집행위원회가 오늘 발표한 농업 및 공동농업정책(CAP) 관련 여론 조사의 주요 결과는 다음과 같음.- 유럽인 4명 중 3명이 CAP을 알고 있으며 모든 국민이 혜택을 받는 것으로 생각하고 있음.- 2017년 대비 더 많은 EU 시민들이 CAP(73%, 2017년 대비 6%포인트 상승)를 인지하고 있으며, CAP가 농민뿐 아니라 모든 시민에게 혜택을 준다고 믿고 있는 것으로 나타났음(76%, 2017년 대비 15%포인트 상승).- CAP의 주요 목적이 무엇이어야 하는지에 대한 시민들의 관점은 2017년 조사 결과와 유사했음. 대다수인 응답자 62%는 2017년과 같이, 고품질의 안전하고 건강한 식품을 제공하는 것이 주요 목표가 되어야 한다고 생각함. - EU가 식량안보, 지속가능성, 안전한 품질의 식품 등 CAP의 핵심 목표와 관련하여 그 역할을 수행하고 있다고 생각하는 유럽인들이 늘어나고 있음.- 현재 유기농 로고를 알고 있는 시민은 56%(2017년 대비 29%포인트 상승)에 달함.  이번 조사는 2020년 8월부터 9월까지 27개 회원국의 27,200명 이상의 응답자를 대상으로 실시되었음. 조사 관련 전체 보고서는 11월 말에 발표될 예정임. (*) https://ec.europa.eu/info/news/sustainability-rural-areas-food-security-commission-publishes-public-opinion-survey-eu-food-and-farming-2020-oct-14_en"
ID,ood_csv_ood_data,maha,-9827.423779,-12197.626953,물리적 위해요소,물리적 위해요소,"캐나다 에드먼턴 일가족, 포도 먹을 때 거미있는지 확인토록 주의 당부 캐나다 에드먼턴의 일가족이 지난 일요일 요깃거리를 찾아 냉장고 문을 열어 반쯤 남은 포도 봉지를 꺼내든 순간 흑색과부거미(black widow spider)를 발견했음. 캐나다 식품검사청(CFIA)은 신선 농산물을 구매할 때 위험성은 낮지만 꼼꼼히 육안으로 잘 살펴보아야 한다고 설명하면서, 바나나와 베리류에서도 전갈이 나오는 사례가 있다며 관련 주의 경고문을 게재했음(*). (*) 캐나다 식품검사청 '신선 농산물에서 벌레, 거미, 전갈이 나왔을 떄 안전 대책 요령' http://www.inspection.gc.ca/food/information-for-consumers/fact-sheets-and-infographics/products-and-risks/fruits-and-vegetables/spiders-in-fresh-produce/eng/1332275927192/1332275998287"
ID,ood_csv_ood_data,maha,-9827.423779,-50002.476562,안전위생,안전위생,"[E/R]미국 Leeann Chin, Inc, 높은 pH로 소스 제품 회수 -지역: 미국 MN, WI-회수사: Leeann Chin, Inc (회수중, 회수일: 6/22/2022)-회수사유: 제품 사양(specifications)보다 높은 pH-제품명: Lee Ann Chin Thai Peanut Sauce. Net Wt 13.5 oz (384g) UPC 61248 87100. (P1 310 22 PEA, P1 013 23 PEA)"
ID,ood_csv_ood_data,maha,-9827.423779,-24706.136719,생물학적 위해요소,안전위생,"아르헨티나 티에라델푸에고, 해안 연어 양식 금지 아르헨티나 최남단 티에라델푸에고(Tierra del Fuego) 주(州;provincia) 재판부는 연어양식을 금지하는 법안을 만장일치로 통과시킴. 환경보호단체 Rewilding Argentina의 발표에 따르면, 연어 양식업이 지역 환경뿐만 아니라 주민들의 건강과 경제까지 위협하고 있다고 함. 그린피스 아르헨티나는 이번 법안 통과를 축하하며 아르헨티나는 연어 양식업을 금지한 세계 최초의 국가가 되었다고 함. 아르헨티나 남부 해역(특히 비글 해협)에서 양식업을 중단하려는 지역 운동은 2018년 3월 노르웨이 혁신부, 아르헨티나 농업부 및 주정부간에 지역 연어 양식 개발 가능성을 조사하기로 합의한 협정이 체결되면서 시작되었음. "
ID,ood_csv_ood_data,maha,-9827.423779,-24682.261719,표시광고,표시광고,"영국 식품기준청, 대체 성분으로 사용될 수 있는 정제유 관련 소비자 지침 안내   (2022-03-25) 영국 식품기준청, 식량공급 차질 없도록 해바라기유 대체로 채종유 함유될 수도 있어 (우크라이나 정세)  우크라이나 분쟁으로 영국의 해바라기유 수급이 심각한 영향을 받고 있으므로, 영국 식품기준청(FSA)은 소비자와 소매업체를 대상으로 대체 유지류 및 제품 라벨링에 대한 추가정보를 제공함.  FSA는 일부 식품에 해바라기유 함유 표시가 있음에도 불구하고 다른 정제되거나 완전 정제된(refined or fully refined) 식품 등급 식물유지류가 함유될 수 있다고 밝혔음.   이번 업데이트는 완전 정제된 팜유·코코넛유·대두유가 일부 제품에 라벨 변경 없이 사용되고 있다는 점을 안내함. FSA는 이전에도 우크라이나 분쟁으로 인해 정제 유채유가 사용될 수 있다고 알린 바 있음.  한편, 지역 당국들은 사례별로 적절한 결정을 내리고, 소비자 이익과 관련해 고려할 수 있는 요인들에 대한 지침을 발표했음. 또한 FSA는 이러한 유지류 관련, 알레르기 반응 위험에 관한 신속위해평가(*)도 발표함.  대체 유지류가 사용되는 경우, FSA는 예를 들어 업체가 해당 제품이 매장 구매인지 온라인 구매인지 여부와 관계없이 관련 제품의 변경사항에 대해 웹사이트에서 안내할 수 있도록 기대함.  (*) https://www.food.gov.uk/research/food-allergy-and-intolerance-research/rapid-risk-assessment-on-the-risk-of-allergic-reactions-in-uk-consumers-if-sunflower-oil-is-substituted-with-certain-vegetable"
ID,ood_csv_ood_data,maha,-9827.423779,-12138.110352,화학적 위해요소,화학적 위해요소,"미국 FDA, 낙농가 2곳, 치즈공장 1곳에 경고장 발부  미국 식품의약품청(FDA)은 최근 위스콘신주와 유타주의 낙농장과 펜실베이니아주 소재의 치즈공장에 경고장을 발부했음.- LeRaysville Cheese Factory Inc. (LeRaysville, PA) : 치즈공장 직원의 식품 라벨행위 부적합(손 씻기 부적합, 손 씻는 설비 부족 및 장비 결함과 불청결 등), 제품의 일반명 미사용 (예: 체다 치즈 라벨에 ""치즈"" 누락), 전체 원료 미표시- Dietsche’s Dairy (Spencer, WI) : 식용 도축소의 신장 조직에서 설파디메톡신 0.3 ppm(허용치 0.1 ppm)과 페니실린 0.074 ppm (허용치 0.05 ppm) 검출, 투약 시 라벨 지시사항 미준수, 항생제 사용이 허가되어 있지 않은 부제병 퇴치를 목적으로 페니실린 사용, 비유기 젖소에 페니실린 투약(페니실린은 20개월령 이상 숫소용이 아님)- Double Tree Dairy Farm LLC (Holden, UT) : 식용 도축소의 신장조직에서 데스푸로릴세프티오퍼 5.25 ppm 검출 (도축 시점 허용치: 0.4  ppm), 기록 미관리, 투약과 도축 사이의 최소 휴지기 관찰 미실시 "
ID,ood_csv_ood_data,maha,-9827.423779,-12967.263672,표시광고,표시광고,"[E/R]미국 Dairy Maid Dairy, LLC, 알레르기 유발성분인 우유 미표시한 사과주스 회수 -지역: 미국 매릴랜드, 코네티컷 소재의 거래처 14곳 (유통업체, 학교, 교도소, 유사 시설 등)-제품명: Grove Fresh Pasteurized Apple Juice from concentrate, 4-ounce cartons, 100 % Pure.-회수사: Dairy Maid Dairy, LLC (진행중, 회수일 2/16/2017)-회수사유: 제품에 이물질이 혼입되었다는 소비자 불만사례를 여러 건 접수함. 업체 검사 결과, 반송된 제품 중 7개에서 알레르기 유발성분인 우유가 미표시된 사실을 확인함. "
ID,ood_csv_ood_data,maha,-9827.423779,-12828.164062,생물학적 위해요소,생물학적 위해요소,"몽골, 설치류인 마못의 생간 취식 후 흑사병으로 사망 발생 몽골인 커플이 ‘건강에 좋다’고 알려진 생 마못(marmot) 고기를 먹은 후, 흑사병으로 사망한 사실이 밝혀짐. AFP통신에 따르면 이 커플은 5월 1일 중국과 러시아와 국경을 맞대고 있는 중국 바얀-울기(Bayan-Ölgii) 지방에서 사망했다고 함. 세계보건기구(WHO) 관계자는 BBC와의 인터뷰에서 현지인과 다수의 외국인 관광객 등 이 커플과 접촉한 118명에 대한 6일간의 검역이 진행되었고, 8일 현재 해제됐다고 밝힘. 동 관계자는 ""사망한 커플은 이 지역에서 건강에 좋다고 여겨되는 설치류의 생고기와 신장을 먹었다""고 덧붙임. 지역 내 자원봉사자는 AFP통신과의 인터뷰에서 ""검역이 발표된 뒤 현지인조차 감염을 우려해 거리에 나온 사람이 많지 않았다""고 말했으며, 현지 주지사는 AFP통신과의 인터뷰에서 이 지역에서 다른 사건은 보고되지 않았다고 밝힘. 미국 질병통제예방센터(CDC)에 따르면, 흑사병은 감염된 벼룩과 동물을 통해 전염될 수 있다고 함. "
ID,ood_csv_ood_data,maha,-9827.423779,-24038.119141,표시광고,표시광고,"호주 소비자단체 '초이스', 올해의 거짓말에 팀탐과 유아용 음료 선정  호주 소비자단체 초이스(Choice)는 올해의 거짓말 어워드에 호주의 상징인 팀탐 과자와 유아용 음료 등을 선정했음.  단체가 애노트(Arnott)(사)의 땅콩버터맛 팀탐 과자를 면밀히 조사했더니 신제품에는 땅콩 버터가 함유되어 있지 않았고, 같은 가격에 개수도 2개가 적고, 중량은 35g가 줄어들었다고 말했음. 또 소비자들이 의심하지 못하게 포장 크기를 동일하게 만들었음.  이 외에도 S-26 골드 토들러 제품과 주니어 유음료도 눈길을 끌었음. 자녀에게 필요한 영양소를 제공한다고 광고했지만 사실 1살이 넘은 건강한 아이에게는 필요없는 영양소였음. "
ID,ood_csv_ood_data,maha,-9827.423779,-14007.347656,신규 위해요소,신규 위해요소,"미국 환경단체 '비욘드 페스티사이드', 환경보호청에 나노물질 함유된 농약 규제 미흡하다 소송 미국 환경단체 '비욘드 페스티사이드(Beyond Pesticides)'는 나노물질(novel nanomaterials) 농약을 규제하지 않는 환경보호청(EPA)을 상대로 화요일(현지시간)에 소송을 제기한 식품안전센터(CFS)에 참여했음. 2008년, 13개 이상의 여러 단체는 나노물질 문제에 관해 EPA에 조치를 취할 것을 요구하는 청원을 제출했음. CFS가 화요일에 제기한 소송은 소비재 중 나노물질의 확산이 줄어들지 않고 있는 와중에 EPA가 청원에 대해 답하지 않는데 이의를 제기한 것임. 비욘드 페스티사이드의 제이 펠드먼 상무는 은나노 물질의 독성과 소비자 및 개인 위생용품을 통한 광범위한 노출 패턴을 규제해야할 책무를 수행하기 위해 EPA를 상대로 소송을 제기한데 대해 유감을 표했음. 그는 은나노물질과 같은 독성이 있는 농약은 국민건강과 환경을 보호하기 위해 반드시 법과 라벨 규네와 같은 전반적인 강제 대상이 되어야 한다고 말했음. 나노물질은 일반적인 현미경으로도 확인할 수 없을 정도로 아주 작음. 비교하자면, 사람의 머리카락 한 가닥 너비가 50,000 - 80,000 나노미터임. 나노 물질은 DNA 변이, 세포 내 구조 손상, 심지어 세포 사멸을 야기할 수 있는 독성 잠재력을 증대시킴. 이 나노물질이 혈류에 유입되면, 뇌, 심장, 간, 신장, 골수, 신경계와 같은 장기와 조직에서 자유롭게 이동할 수 있음. 은나노 물질은 강력한 항균제에 주로 사용되는 소비재 중 가장 흔하게 볼 수 있는 나노물질임. 은나노의 특성 때문에, 미국 연방 살충제, 살균제 및 살서제법(FIFRA)에 따라, 농약 및 활성 성분으로 간주됨. FIFRA에 따라 농약으로 작용하는 활성 성분을 함유한 제품은 반든시 EPA에 등록되어야함. 2008년 청원 당시, 청원인들은 FIFRA에 따라 은나노 물질이 함유된 미등록된 소비재가 260개가 있다는 점을 확인했고 오늘날 은나노 물질이 함유된 제품은 400종 이상까지 늘어났음. 나노단위 제품에 대한 표시요건이 없기 때문에 더 많은 제품이 존재할 가능성이 있음. 이들 제품은 작물의 DNA 손상, 항균제에 대한 세균 내성 증대, 및 어류에 독성 및 치사 가능성 등 사람과 환경에 심각한 위험성을 가져다 줌.  "
ID,ood_csv_ood_data,maha,-9827.423779,-65004.355469,신규 위해요소,신규 위해요소,"미국 농무부, 유럽사법재판소의 게놈 편집술 관련 판결에 대한 성명 발표 미국 농무부(USDA) 장관은 금주 유럽사법재판소(ECJ)의 게놈 편집술 관련 판결에 대해 다음과 같이 성명을 발표했음.  ""정부 정책은 새로운 기술에 대해 불필요한 장벽을 만들거나 부당하게 비난하지 않으면서 과학적인 혁신을 장려해야 한다. 불행하게도, 금주 유럽사법재판소의 판결은 새로운 게놈 편집 방법을 EU의 시대에 뒤진 GMO 규정 범위에 둠으로써 이에 역행한다. 우리는 EU가 과학 및 농업 공동체뿐만 아니라 무역 파트너로부터 판결의 적절한 이행 결정에 대한 의견을 구할 것을 권장한다. 게놈 편집과 같은 정밀한 생명 공학 분야의 혁신은 엄청난 가능성을 가진다. 소비자에게는 합리적인 가격으로 더 건강하고 고품질의 식품을 제공할 수 있고, 농업 종사자에게는 생산성 향상, 식물 및 동물 보건, 환경의 지속가능성 등이 제공될 수 있다. 게놈 편집 농산물에 대한 국제적인 규제는 미국 농업의 전략적 혁신과 무역에 영향을 미친다. 이에 따라 USDA는 이러한 제품들의 안전성을 보장하면서 필요한 혁신을 가능케 하는 명확한 과학-위해기반 정책을 갖고 있다. 유럽사법재판소의 판결을 고려하여, USDA는 과학-위해 기반 규제적 접근 방법에 대한 국제 파트너들과의 노력을 강화할 것이다."" *관련 기수집정보- 유럽사법재판소, 새로운 육종 기술을 통해 생산된 식품 GMO로 간주하겠다 판결(수집일자:  2018-07-26)- 독일 BMEL, 게놈 편집술 등 새로운 육종법에 대한 유럽사법재판소 판결에 대한 입장발표(수집일자:  2018-07-26)"
ID,ood_csv_ood_data,maha,-9827.423779,-15284.771484,신규 위해요소,신규 위해요소,"이스라엘 Aleph Farms(사), 스위스에 이어 영국에 세포배양육 판매 규제 승인 요청 * 기수집정보: 스위스 언론, 이스라엘 스타트업 기업의 유럽 최초 배양육 판매 허가 신청서 제출 전해(수집일자: 2023-07-27) 이스라엘의 Aleph Farms(사)는 세포기반육의 판매를 승인해달라고 영국 식품 규제기관에 요청하였음. 동 업체는 지난달 스위스에 판매 신청서를 제출한 이후 영국에 신청서를 제출하였음. Aleph Farms는 두 국가에서 자사의 Aleph Cuts 제품을 판매하고자 함. Aleph Farms는 영국 식품기준청(FSA)이 신청서를 검토하는 데 최대 2년이 걸릴 것으로 추정함. FSA는 간략한 성명서를 통해 Aleph Farms의 신청서를 접수했다고 밝혔음. FSA는 신청서가 “규제 제품 신청서 등록부”에 공개될 때까지 더 이상 언급할 수 없다고 함."
ID,ood_csv_ood_data,maha,-9827.423779,-14266.958984,안전위생,안전위생,"미국 아이오와주 상원, 알코올 분말의 판매 금지 법안 가결 미국 아이오와주 상원은 수요일(현지 시각), 찬성 48표, 반대 2표로 분말이나 입자 형태의 알코올을 판매하는 것을 금지할 안(Senate File 123)을 통과시켰음.  연방 주류담배과세무역청(TTB)은 지난 주, 팔코올(Palcohol)로 알려진 분말형 알코올 제품을 미국에서 판매할 수 있도록 허가했음."
ID,ood_csv_ood_data,maha,-9827.423779,-20374.998047,안전위생,신규 위해요소,"호주, 대마의 식품 승인 임박 대마 식품이 곧 호주 식탁에 오를 수 있을 것으로 보이는 가운데 규제 당국이 오는 2017년 4월에는 식용을 승인하리라는 가능성이 점쳐지고 있음.  대마의 식용 승인 건이 차기 호주뉴질랜드 식품규제각료회의에서 다뤄질 예정임. 산업체들은 정부 결정에 촉각을 곤두세우고 있으며, 승인될 경우 건강과 경제, 환경적 혜택을 거둘 수 있으리라 기대하고 있음. 현재 전 세계 대마 식품 시장은 연간 10억 달러 수준으로, 호주 정부가 이를 승인하면 수요가 4배로 급증할 것으로 예상됨. 한편, 호주뉴질랜드 식품기준청은 테트라하이드로칸나비놀(THC) 저함량 대마는 식품으로 승인해도 된다는 입장이며, 마리화나의 약물 성분인 THC가 없거나 아주 미량 함유되어 있어 마리화나와는 다르다고 설명했음.   대마는 또한 다용도로 사용이 가능한 작물이며, 환경에도 친화적임. 대마가 승인되면 면화 농사를 대신할 수 있게 되어 한해 농업 용수 20억 리터와 이산화탄소 대기 배출량 1000 kg 가량이 감축될 수 있을 것으로 전망됨.  아울러, 대마씨에는 다가불포화지방산이 다량 함유되어 있으며, 오메가 3와 오메가 6가 인체 필요량만큼 들어있는 유일한 식품임. 대마씨 1작은술에만 필수 지방산 7,000mg 이상이 함유되어 있음. "
ID,ood_csv_ood_data,maha,-9827.423779,-15797.277344,안전위생,영양건강,"미국 Yelp(사), 건강 점수 낮은 업체에 대한 경보 적용 지역 확대 미국 Yelp(사)(*)는 2015년부터 샌프란시스코에서 건강 점수가 낮은 음식점에 대한 경보 조치를 시행해왔는데, 최근 이 조치가 적용되는 지역이 시카고와 로스앤젤레스까지 확대되었음.  시카고 트리뷴(**)(지)는 Yelp가 음식점의 건강 점수를 플랫폼에 포함시키는 동시에 건강 점수가 나쁨을 경고하는 팝업 메시지를 제공할 것이라고 보도했음.  Yelp 측 빈스 솔리토는 이 메시지가 고객들에게 경고하는 동시에 기업들이 더 잘하도록 유도하기 위한 방법이라고 말했음. 보도에 따르면, 지난 6개월 동안 시내에서 건강 점수의 하위 1%인 음식점에 대해 경보가 발령될 것이며, 이는 새로운 검사 결과가 게시될 때 갱신될 것이라고 함. (*) 여러 도시의 식당, 백화점, 병원 등에 대한 평판을 크라우드 소싱을 이용해 모으는 서비스(**) https://www.chicagotribune.com/business/ct-biz-yelp-health-scores-20200122-fyyeapmcabdyrpeexh4jsqidv4-story.html"
ID,ood_csv_ood_data,maha,-9827.423779,-15619.417969,안전위생,안전위생,"뉴욕주 검찰총장, 13개 식이보충제 제조업체에 특정 관절염 허브 치료제 판매중단 요구 에릭 슈나이더만 뉴욕주 검찰총장은 '악마의 발톱'이라 불리는 관절염 허브 치료제의 DNA 시험을 통해 라벨에 표시된 식물과 상이한 식물종이 함유된 것으로 나타나, 제조업체 13곳(*업체명 미명시)에 판매중단을 요구했음. 수요일(현지시간) 제조업체에 전달한 서한에서, 총장은 'New York Botanical Garden'이 실시한 DNA 조사에서 '악마의 발톱' 보충제에 저렴한 유사종이 들어 있었다고 전했음. 검찰총장은 14번째 업체인 네이쳐스 웨이(사)(Nature's Way)와는 업체의 '악마의 발톱' 제품에 라벨에 표시된 종만 함유하도록 공정개선을 보장하기로 합의했다고 전했음. 또한, 2012년 1월 1일 이후 '악마의 발톱' 제품을 구매한 뉴욕 주민들에 환불조치를 하는데도 동의했음. '악마의 발톱'은 관절염 및 기타 관절통증 형태용 치료제로 판매되는 칼라하리 사막식물 'Harpagophytum procumbens'의 상품명임. 슈나이더만 검찰총장은 '악마의 발톱'과 유사 식물인 'Harpagophytum zeyheri'를 혼합하거나 아예 대체시키는 공급업체에 관한 신고가 있었다고 전했음."
ID,ood_csv_ood_data,maha,-9827.423779,-17119.750000,표시광고,표시광고,"[회수]캐나다 WN Pharmaaceuticals Ltd.,  잘못된 외부 상자 포장으로 액상비타민D 회수  - 최초 발표 일자: 2024-03-18 (최신 업데이트 일자: 2024-03-18)- 유통지역: 캐나다 전역- 회수사: WN Pharmaaceuticals Ltd.- 제품 정보>브랜드: Equate Vitamin D Droplets Kids 400IU>제품명: Vitamin D Droplets Kids 400IU>시장승인: NPN 80040509>제형(Dosage Form): 액상 >효능(Strength): Vitamin D 10mcg (400IU)>로트번호: Lot # 938930- 회수사유: 잘못된 외부 상자로 포장됨-제품사진:-"
ID,ood_csv_ood_data,maha,-9827.423779,-57454.246094,물리적 위해요소,표시광고,"호주 방사선조사 식품표시 검토에 엇갈린 반응 방사선조사 식품에 대한 표시 필요성을 심의 중인 가운데 업계와 소비자, 운동권이 서로 다른 반응을 보였음. 대부분 산업계와 업체들이 표시를 없애야 한다는 의견을 지지 중인 반면 대다수 사설 시민 단체는 표시 삭제에 반대하는 의견을 호주뉴질랜드 식품기준청에 제출했음.  호주뉴질랜드 식품기준청은 현 상태에서 방사선 표시 요건을 삭제할 요량은 아니나 방사선 조사 표시에 대한 국가의 접근방법이 효과적이거나 필요한지 여부를 문의했음.  방사선조사는 해충억제와 유통기한 연장을 목적으로 호주와 뉴질랜드 양국에서 드물게 사용해왔으며, 주로 과실파리 확산 방지를 위한 최종 검역 방법으로 이용했음.  지난 15년간 진행된 호주뉴질랜드 식품기준청 연구 5건과 세계보건기구의 보고서들에서 방사선조사 절차가 안전하나 식품 제조업체는 제조업체는 소비자에게 방사선조사 처리 사실을 라벨에 표시하여 알려야 한다고 전했음. 법으로 규정한 표시 문구는 없으나 제조업체들은 방사선조사 식품의 국제 식별 기호인 '라두라(Radura)'를 선택 표시할 수 있음.  관련 최종 보고서는 연내 호주와 뉴질랜드 양국 관련 장관에 전달될 예정임. "
ID,ood_csv_ood_data,maha,-9827.423779,-17802.669922,안전위생,신규 위해요소,"영국, 불법임에도 온라인에서 판매되고 있는 통갓알리 추출물에 관해  영국 식품기준청(FSA)은 통갓알리(Tongkat ali) 추출물의 신소재 식품 승인 신청에 대한 의견수렴을 진행 중임. 통갓알리는 '유리코마 롱기폴리아(eurycoma longifolia)' 라는 작은 나무의 뿌리임. 통갓알리는 네슬레, 파워루트, 알리카페와 같은 브랜드들이 제품을 합법적으로 판매하고 있는 동남아시아에서 음료로 많이 소비됨. Biotropics Malaysia Berhad(사)의 신소재 식품 신청서에 따르면 통갓알리 추출물은 미국에서 13년 동안 부작용 보고 없이 판매되어 왔으나 EU에서는 미승인된 신소재 식품으로 분류되어 있음. 그러나 한 컨설팅 업체의 상무이사 루카 부치니 박사는 EU의 금지에도 불구하고 일부 온라인 소매업자들이 통갓알리 추출물이 함유된 여러 제품을 판매하고 있다고 전했음. 통갓알리는 전통적으로 물에 끓여 섭취되거나 정력 및 활력 증진을 위한 강장제로 만들어졌음. 또한, 전통적으로 여성에게는 출산 후 회복을 위해서도 사용되었음. 식품 매트릭스(food matrices)에 따른 복용량은 1회분당 50~75mg이며, 식품 보충제에 함유된 경우 일일 최대 200mg까지임. "
ID,ood_csv_ood_data,maha,-9827.423779,-21698.693359,물리적 위해요소,화학적 위해요소,"[회수]영국 TESCO, 악취가 난다는 소비자 신고로 과일음료 회수 - 일시: 2015.1.28.- 제품명: No Added Sugar Double Concentrate Apple and Blackcurrant squash(1.5 L)- 회수사: TESCO - 회수사유: 한 소비자가 악취가 난다고 신고함.- 기타: TESCO(사)는 승인된 첨가물인 '이황화메틸(Dimethyl Disulphide)'이 잘못 첨가된 것이 원인이며 마늘 냄새 같이 강한 냄새가 나지만 건강상 위험은 없다고 밝힘. 그러나 웹사이트에 세부 사항을 게시하지 않고 회수 조치하여 소비자들의 거센 항의를 받고 있음.  "
ID,ood_csv_ood_data,maha,-9827.423779,-26329.177734,물리적 위해요소,영양건강,"호주 소비자단체 초이스, 통조림 속 내용물은 얼마만큼일까? 호주 소비자단체 초이스(Choice)는 다섯가지 통조림 식품류인 참치, 옥수수, 복숭아, 이집트콩, 비트를 대상으로, 실제 액체를 빼고 남은 고형의 무게와 라벨에 적힌 표시를 비교했음.  <통조림 식품 표시는 정확한가>유명 브랜드와 슈퍼마켓 자체 통조림 식품 27종을 2개씩 정밀 조사한 결과, 54점 중 4점만 표시 중량과 실제 중량이 정확히 같았음. 그러나 이는 그렇게 나쁜 결과는 아니었음. - 식품 함량이 더 적은 통조림 제품은 4점(차이가 가장 큰 제품은 '알디(사)'의 '뉴 시즌 슬라이스 비트루트(New Season Sliced Beetroot)'로 6%가 적게 담겨 있었음) - 통조림 54점 중 46점(85%)은 표시보다 많은 양이 들어있었음  식품 유형별로 살펴보면, - 옥수수 통조림이 일치성이 가장 높았고, 모두 표시 중량의 9% 이내였음- 슬라이스 비트는 표시 중량의 6%~22%까지 차이를 보임 - 병아리콩, 옥수수, 복숭아 실제 함량은 표시 중량 이상이었음- 실제 용량이 적었던 제품은 참치와 비트 제품 각 2개씩이었음 <일반적인 식품-액체 비율은?>통조림에 액체나 '포장 매개'(물, 오일, 식초 또는 즙)은 식품을 보호하거나 맛을 내기 위해 사용됨. 따라서 액체량과 식품의 양은 다양함 - 병아리콩은 평균 59% 밖에 들어있지 않아 액체량이 가장 많았음- 참치는 평균 71%나 들어있어 액체량이 가장 적었음. 참치 통조림 '레나타(Renata)'는 흔치 않지만 2/3가 들어 있었음 <표시를 통한 전면 공개 필요>- 액체를 버리고 먹어야 하는 식품들은 호주뉴질랜드 식품공전에서 영양성분표에 '고형량(as drained)'라는 표시를 적어야 함"
ID,ood_csv_ood_data,maha,-9827.423779,-13335.080078,표시광고,표시광고,"미국 목축업자협회, 실험실 배양 쇠고기에 관한 라벨 요건 정부에 청원 2월 9일, 미국 목축업자협회(USCA)는 농무부 식품안전검사국(FSIS)에 규칙제정 청원을 제출함. 협회의 청원 내용은 소에서 얻은 쇠고기 제품과 실험실에서 만든 제품에 대한 차이를 소비자에게 알려줄 정확한 표시 요건 수립임. 최근 주요한 미국 및 국제 기업들이 해당 분야 투자에 관심을 보임에 따라 USCA 회원사들은 소에서 유래하지 않은 대안 “쇠고기” 제품을 식별하고 명확한 라벨을 부착하기 위한 노력에 착수했음. 지난 1월 29일, 미국 타이슨 푸드(Tyson Foods)는 동물세포에서 배양 육류를 직접 생산하는 식품기술 신생 기업 '멤피스 미츠(Memphis Meats)' 투자에 합류했음. 카길(Cargill) 역시 멤피스 미츠 투자 대열에 올랐음. 타이슨 푸드의 이러한 투자는 멤피스 미츠가 처음은 아님. 지난 12월, 타이슨 푸드는 식물 유래의 대체 육류 생산 기업인 비욘드 밋(Beyond Meat)에도 투자를 한 바 있음. "
ID,ood_csv_ood_data,maha,-9827.423779,-33965.054688,안전위생,생물학적 위해요소,"영국 환경식품농촌부, 동물복지 법규 철폐 계획 철회 영국 장관들은 사육 동물 복지 관련 법규 철폐 계획을 철회한다고 밝혔음.  환경식품농촌부(Defra) 장관은 가금 업계에 지도 편달을 맡기는 조치를 이번달부터 시행하려고 계획한 바 있음. 그러나 Defra는 성명서를 통해 이번 결정이 ""제기된 이견을 감안하여"" 내려졌다고 밝히며 계획 철회를 공표하였음.  환경부 장관 리즈 트루스(Liz Truss)의 규제 완화 아젠다의 일환으로 영국가금협회가 ""업계가 주도하는"" 지침을 작성 및 관리하고, 해당 조치는 추후 소, 양, 돼지 사육 업계로 확대될 예정이었음. 그러나 Defra는 ""우리는 세계에서 가장 높은 수준의 동물복지 기준을 가지고 있으며 관련 법규에 대해 수정 제안은 없다""고 전했음.    *2016년 3월 28일자 정보 ""영국, 동물복지 법적 규제 철폐할 계획"" 참조(https://db.foodinfo.or.kr:444/db/searchAdminDbDetail.do?dbType=D01uuid=00000153BB13E0EC6e2d8fe40037fff2)"
ID,ood_csv_ood_data,maha,-9827.423779,-11902.236328,화학적 위해요소,물리적 위해요소,"[회수]미국 Playtex , 코팅층 분리 가능성으로 어린이용 접시 회수 - 일시: 2017.10.3- 유통지역: 미국 전역 소매점(베이비 알 어스, 타겟, 월마트 등), 아마존 닷컴(200910~2017.8)- 제품명: Playtex plates and bowls (*중국산, 어린이용 식기류, 자동차 등 각종 그림이 그려져 있음. 흰색 폴리프로필렌 접식와 공기그릇)- 회수 및 유통사: Playtex Products, LLC​- 회수사유: 그림 위에 입혀진 투명 플라스틱 레이어가 벗겨지거나 거품처럼 일어날 수 있어 어린이가 질식할 위험이 있음. - 기타: 회수 업체는 투명 플라스틱 레이어가 부풀어 오르거나 벗겨졌다는 신고 372건을 접수받음. 11건은 아이들 입 속에서 분리된 플라스틱 조각이 나왔다는 접수였으며, 이 중 4건은 목에 걸린 사례였음. - 제품사진: 원문 참조"
ID,ood_csv_ood_data,maha,-9827.423779,-10242.903320,화학적 위해요소,화학적 위해요소,"[회수]영국 Tesco, 글리시돌 과량으로 오메가-3 어유 제품 회수 -일자 : 2022.8.23-제품명 : Tesco Health Omega 3 Fish Oil (캡슐 30개입, 90개입 및 240개입, Best-before: April 2025 포함 날짜까지 전부)-회수사 : Tesco-회수사유 : 글리시돌 함량 법적 기준치 초과 (*기준치 미기재)-제품사진 : 원문 참조"
ID,ood_csv_ood_data,maha,-9827.423779,-9941.600586,안전위생,물리적 위해요소,"[회수]미국 Harry Hansen Meat Service, 불순물 혼입 가능성으로 쇠고기 3종 자진 회수 -일자: 2022.10.21-지역: 미국 위스콘신-회수사: Harry Hansen Meat Service(Franksville, Wis.) -제품명: ▲Hot Beef Strips, ▲Regular Beef Strips, ▲BBQ Beef Strips (시설번호 74)-회수사유: 불순물 혼입 가능성(adulterated)-제품사진: 원문 참조"
ID,ood_csv_ood_data,maha,-9827.423779,-30452.029297,화학적 위해요소,물리적 위해요소,"[E/R]미국 S. Martinelli Harvest Facility, 유리 품질 문제로 사과주스 회수 -지역: 미국 RI, NY, CA-제품명: Martinelli's Gold Medal 100% Apple Juice 10 oz. glass bottles, 케이스 당 24 units. 사과 모양 유리병. Shelf stable UPC: 041244000098(Production Date 5/4/2023 Pallet/Batch 0001100265, 0001100276, 0001100290, 0001100294, 0001100305, 0001100357, 0001100365, 0001100372, 0001100377, 0001100406 Production Date 5/5/2023 Pallet/Batch 0001101144, 0001101148, 0001101154, 0001101160, 0001101166, 0001101168, 0001101177, 0001101182, 0001101189, 0001101198, 0001101199, 0001101207, 0001101211, 0001101212 0001101214, 0001101234, 0001101235, 0001101236, 0001101278, 0001101332, 0001101358)-회수사: S. Martinelli Harvest Facility (회수중, 회수일: 6/12/2023)-회수사유: 유리 품질 문제 가능성으로 제품에 유리 조각이 혼입될 수 있음."
ID,ood_csv_ood_data,maha,-9827.423779,-23778.156250,생물학적 위해요소,생물학적 위해요소,"호주 총리, 중국은 구제역을 빌미로 육류 제품을 제재할 근거 없어 호주 정부가 구제역 위험을 빙자하여 육류 제품 금지가 임박하다는 루머를 계속 조사하면서, 호주 총리 앤서니 알바니스는 중국에게 호주에 대한 무역 제재의 근거가 없다고 경고하였음. 총리는 이전에 중국이 호주 제품에 대한 정치적 배경이 있는 무역 제재에 대한 잘못된 근거를 끌어들인 것을 의식하고 있으며, 구제역이 호주 국내에 들어오지 못하도록 잘 방어하고 있다고 함. 화요일 호주 외교통상부(DFAT)는 중국 세관과 접촉했으며, 수입 조건 변경에 대한 어떠한 공식적인 통보도 받지 못했다고 함. 그러나 뉴스 정보원(sources)들은 정부가 말하는 것보다 상황이 더 우려된다며, 중국은 금지령을 내리기 전에 ""공식적인 통보""를 한 적이 없다고 경고하였음. 화요일 뉴질랜드 일차산업부의 스티브 에인워스는 수출이 정상적으로 지속되고 있다고 함."
ID,ood_csv_ood_data,maha,-9827.423779,-17931.912109,안전위생,안전위생,"[회수]영국 Argo Poultry, 유통기한 유효성 부족으로 닭고기 회수 - 일시: 2016.4.20- 제품명: Whole Cooked Chicken (크기 다양, 소비기한: 러벨에 'A'라고 표시되어있지 않은 경우 2016.4.20에서 2016.5.4까지)- 브랜드명: Argo Poultry- 회수사: Argo Poultry- 회수사유: 유통기한 유효성 부족- 제품사진: http://www.food.gov.uk/sites/default/files/argo-poultry-chicken_0.pdf "
ID,ood_csv_ood_data,maha,-9827.423779,-62686.414062,안전위생,안전위생,"영국 농촌지원기금관리청(RPA), 2015-2016년도 올리브유 샘플 약 1/3이 부적합 영국 환경부 산하 농촌지원기금관리청(RPA)이 2015년-2016년도에 영국에서 판매된 올리브유 샘플 약 1/3이 부적합 판정을 받았다고 밝혔음. 청이 올리브유 검사 프로그램을 통해 엑스트라 버진/버진 올리브유, 정제 올리브유, 올리브 포머스(pomace) 오일 등 131개 샘플을 검사한 결과, 43개 샘플이 화학적 또는 관능 특성 기준에서 부적합이었음.  동 샘플들은 규정 2568/1991에 명시된 화학적, 관능적 특성 기준에 따라 평가되었으며, 제품 유형에 따라 정확한 검사 요구사항 및 특정 한계치는 다르게 적용됐음(예: 관능적 평가는 엑스트라 버진 및 버진올리브오일에만 적용) . 또한 청은 동 프로그램은 올리브유의 진위 여부보다는 규정된 품질 기준에 적합한지 여부를 평가하는것이라고 전하며, 다만 공급자의 과실이 아닌 저장 중(열 또는 빛에 노출) 품질이 저하될 수도 있다고 덧붙임.  한편, 청은 관계자들의 피해를 우려하여 해당 제품명 또는 브랜드명은 공개하지 않았음.  *(참고) RPA의 올리브유 검사 프로그램에 관한 질의응답: https://www.gov.uk/government/publications/request-for-information-under-freedom-of-information-foi-concerning-the-rpas-olive-oil-testing-programme-21-august-2017"
ID,ood_csv_ood_data,maha,-9827.423779,-18041.726562,물리적 위해요소,안전위생,"뉴질랜드 일차산업부, 우윳빛의 도미 샘플 검사했으며 식품 안전성 문제 확인되지 않아 뉴질랜드 비영리단체인 레가시(LegaSea)는 페이스북에 낚시꾼들로부터 우윳빛 어육의 물고기(finfish)와 도미(snapper)를 잡았다는 보고를 여러 건 받았으며, 이 물고기를 만지거나 먹었을 때의 위험성에 대해 우려하고 있다고 게시했음.  뉴질랜드 수산청(Fisheries New Zealand) 대변인은 하우라키만(Hauraki Gulf)과 노스랜드(Northland) 동부 지역에서 나타나는 것으로 보인다고 함. ""뉴질랜드 일차산업부(MPI)는 우윳빛 어육의 물고기 샘플을 검사했고 식품 안전성 위험에 대한 증거가 확인되지 않았다. 그리고 관련된 질병보고가 없다""고 함. ""예방 차원으로, MPI는 지속적으로 모니터링할 것이며 추가적인 검사를 실시할 것이다. 식품 안전성 문제가 확인되면, MPI는 대중을 보호하고 알리기 위해 조치를 취할 것이다""고 함. 수산청은 ▲먹이 공급원, ▲기후, ▲환경적/생태계적 상황 등이 영향을 줄 수 있는지 여부와 함께, 우윳빛을 띄는 원인을 규명하기 위해 노력하고 있음."
ID,ood_csv_ood_data,maha,-9827.423779,-15121.625000,안전위생,안전위생,"리투아니아, 182종 식물 수입 금지해 리투아니아가 유럽집행위에 식품 보충제에 쓰이는 182종의 식물 수입을 금지하겠다고 밝힘. 금지 목록에는 독미나리와 같은 독성 식물이 포함되어 있긴 하지만, 성 요한의 풀(하이페리쿰 퍼포라튬) 이나 인도 인삼과 같은 유명 허브도 포함되어 있음. 하지만 사실상 발트해 국가는 유럽연합 상호인정의무에 따라 이들 작물을 수입해야 함.  이들 작물의 수입을 금지한 다른 회원국이 있기도 함. 하지만 이번에 리투아니아가 해당 작물들을 금지 목록에 기재한 것에는 뚜렷한 이유가 명시되지 않음. Patric Coppens FSE(Food Supplements Europe) 과학 및 의약품 허가부 국장은 이에 대한 명확한 금지 사유가 있어야 한다고 밝힘.  이태리 Indena사와 프랑스 Naturex 사는 리투아니아가 이미 식품 보충제로 타 유럽 연합 국가에서 널리 사용되고 있는 품목을 금지한 행동에 대해 유럽 연합 내 상호 보완적으로 진행되는 자유 무역 흐름에 ""퇴보"" 하는 행동이라고 비판. "
ID,ood_csv_ood_data,maha,-9827.423779,-12706.712891,안전위생,신규 위해요소,"뉴질랜드 식음료업계, 뉴질랜드가 FSANZ와 분리되야한다는 반GM단체 제안 반대 뉴질랜드 식음료업계는 뉴질랜드가 호주뉴질랜드 식품기준청(FSANZ)로부터 분리되고 자체 식품기준기관을 수립해야한다는 반GM(유전자 조작)단체인 GE프리 NZ의 제안을 거세게 반대하였음. GE프리 NZ는 FSANZ가 87개 이상의 GE 제품을 식품망으로 도입하는 것을 승인하고 신청서를 절대 거부하지 않는다며 이와 같은 제안을 하였음.GE프리 NZ는 FSANZ의 역할은 안전한 식품 공급을 유지하여 사람들의 건강과 안전을 보호하는 것이지만, 동시에 식품 무역 및 상거래가 사업상 최소한의 부담으로 수익성 있는 방법으로 이루어지도록 하는 임무를 맡고 있다고 함.또한 GE프리 NZ는 FSNZ는 영향을 적절하게 평가하고 안전 데이터를 요구하거나 GM 식품 표시를 의무하는데 실패하여 결국 소비자의 안전을 보장하는 역할에 실패하였다고 주장하였음.GE프리 NZ는 호주뉴질랜드 FSANZ가 목적에 적합하지 않고 GE 식품의 안전성 기준을 설정하는데 많은 모순이 있다고 함. 이는 본질적으로 국민에게 부당하며 뉴질랜드에 전담 식품기준규제기관이 있어야 한다고 함.그러나 이러한 제안은 뉴질랜드 식음료업계로부터 이러한 움직임을 뉴질랜드 같은 작은 시장에 큰 문제를 초래할 것이라고 비난을 받음. 식품식료품협회 회장 캐서린 리치는 Food Navigator-아시아 언론사에 뉴질랜드 크기의 작은 시장에 단독 식품규제기관을 설립하려는 생각은 어리석고 퇴보하는 것이라고 함.캐서린은 FSANZ가 감독하는 시스템은 과학성, 안정정 및 근거를 기초로 하고 있으며, 이 때문에 이 시스템은 세계적으로 높은 평가를 받고 있다고 함.<GM 식품 관련 FSANZ의 업적>2020년 3월 이후 6개월 동안, 공개 자문이 4차례 요청되었음. 다양한 제초제에 내성을 갖도록 유전적 변형된 옥수수(3월), 선형 동물(parasitic nematodes) 및 특정 제초제에 내성이 있는 대두(4월), 갈변증을 줄이고 내병성을 높이기 위해 변형된 감자(5월) 및 수확량을 증가시키고 글루포세이트에 내성이 있도록 변형된 옥수수(8월)가 이에 포함됨.이 모든 4건에 대해, FSANZ는 '종합 안전성 평가'를 착수하였으며 GM 제품은 비GM 제품만큼 소비하기에 안전하다고 주장하였음.또한 공개 자문 성명에 GM 제품으로 만들어져 최종적으로 신규 DNA 및/또는 단백질이 있는 모든 식품은 '유전자 변형'이라고 표시해야 한다고 명시되어 있음."
ID,ood_csv_ood_data,maha,-9827.423779,-25100.109375,물리적 위해요소,물리적 위해요소,"영국 Addo Food Group(사), 회수 원인으로 구동 벨트 결함 확인(페스트리 제품) Addo Food Group(사)는 냉장 패스트리 제품 50개 이상의 회수를 야기한 원인으로 구동 벨트 결함을 확인했음. 업체 대변인은 일상적인 과정을 통해 가공 패스트리 제품에 금속이 포함된 것을 발견한 후, 조사 결과 구동 벨트 이상 마모로 인해 패스트리 제품이 오염되었음을 확인했다고 전했음. 대변인은 소비자 항의 신고가 없었으나 사전예방 차원에서 제품 회수를 발령했다고 전했음. 해당 회수에는 Aldi, Nisa, Tesco와 같은 소매업체에 자체 브랜드로 납품된 59개 제품과 'Walls and Millers Brands' 브랜드로 생산된 제품이 포함되었음."
