row_id,odin_score,thr95,T,eps,실제_대분류,예측한_대분류,제목_내용
1188,0.1448,0.147216796875,100.0,0.0005,안전위생,OOD,"[회수]캐나다 Limson Canada Ltd., 포테이토 베리 존재로 냉동 채소믹스 회수 -최초 발표 일자 : 2023-06-21 (최신 업데이트 일자 : 2023-06-08)-유통지역 : 캐나다 Alberta-회수사 : Limson Canada Ltd.-제품 : 브랜드; 제품; 중량; 코드; UPCCanada Max Source; Mixed Vegetables - Wok Blend; 12 kg; 243044; 10617494001313-회수사유 : 포테이토 베리(potato berry) 존재-제품사진 : -"
1521,0.1453,0.147216796875,100.0,0.0005,영양건강,OOD,"미국 허쉬(사), 키세스, 초콜릿바 제품에 인공 첨가물 대신 진짜 바닐라 사용하기로 허쉬(사)는 이번 주 업체의 우유 초콜릿 허쉬 키세스와 바 제품에 인공 첨가물 대신 진짜 바닐라를 사용할 계획을 전했음. 이는 지난 2월, 'The Hershey Co.'가 더욱 간소화된 원료를 사용하겠다고 밝힌 이래 첫 움직임임. 많은 식품업체가 덜 가공된 식품에 대한 소비자 수요에 맞추기 위해 인공 착향료, 색소, 그리고 원료 사용을 중단해가고 있음. 소비자들은 앞으로 초콜렛 성분목록을 통해 바닐라 향을 내기 위해 사용된 인공 원료 '바닐린' 대신 '천연 향미'를 볼 수 있을 것임. 허쉬(사)는 몇 주 전에 인공 착향료를 뺀 초콜렛 제품 운송을 시작했다고 함.    "
982,0.1454,0.147216796875,100.0,0.0005,물리적 위해요소,OOD,"뉴질랜드, 'Pak'n Save'에서 구입한 'Ingham's' 닭고기에서 구더기 검출되어 조사 중 뉴질랜드 타우리코 팩엔세이브(Tauriko Pak'nSave)와 잉햄(Ingham's)은 한 소비자가 자신이 요리하고 먹은 닭고기에서 구더기를 발견했다고 주장한 사안에 대해 조사하고 있음. 소비자 ‘Andrew Morris-Vette’는 지난 수요일 오후 6시쯤 구더기를 발견했으며, 그는 그것이 타우랑가(Tauranga) 소재 타우리코 팩엔세이브에서 구입한 냉동 잉햄 허브 및 마늘 버터플라이 치킨이라고 밝혔음.  ‘Morris-Vette’는 자신이 느낀 역겨움과 설사 증상 등에 대해 업체 측으로 얘기하여 적절한 보상 조치를 원했으나 업체 담당자로부터 10달러만 환불 받은 것에 대해 불만을 표하고 있음.  이에 대해 팩엔세이브 타우리코 대변인은 이 문제가 처음 밝혀졌을 때, 고객이 조사를 위한 제품과 포장을 두고 가지 않으려 했기 때문에 불필요한 지연이 발생했으며, ""제품이 없으면 고객이나 공급업체, 팀의 만족도에 무슨 일이 일어났는지 확인할 수 없다.“고 말했음. 이와 함께 회사가 식품 안전 문제를 심각하게 받아들였으며 ""이 문제가 가능한 한 빨리 해결되기를 기대한다""고 말했음.  잉햄 대변인은 현재 회사가 이 사안에 대해 조사 중에 있으며 조사가 끝나기 전까지는 언급할 수 없을 것이라고 말했음."
1964,0.1454,0.147216796875,100.0,0.0005,화학적 위해요소,OOD,"미국 식품 제조업체 제네럴 밀스, 시리얼에 인공 착향료 저감화  미국 식품 제조업체인 '제네럴 밀스(General Mills)'는 22일(현지시간), 2017년까지 자사의 시리얼 제품 일체에서 인공 착향료와 색소를 점진적으로 중단해나가겠다고 밝혔음.  이는 타코벨, 피자헛, 패네라, 크래프트 푸드 그룹, 서브웨이처럼 인공 원료를 저감화시키겠다는 다짐한 식품 소매점들의 뒤를 이었음. 제네럴 밀스 시리얼 사업부 부장은 성명을 통해 라벨에서 알아보기 좋고 친숙한 원료를 원하는 소비자 의견에 계속해서 귀를 기울이고, 어른 아이할 것 없이 자사 시리얼을 즐기는데 머뭇거림이 없도록 대처하고 있다고 전했음.  이에 따라, 트릭스나 리즈 퍼프 같은 시리얼 제품은 앞으로 과일과 채소 즙, 천연 바닐라를 이용해 제조될 에정임. 트릭스의 경우, 공정에서 일부 색소를 뺄 계획임. 이 업체는 약 3년 전에 공법을 변경하기 시작했으며, 올 겨울 새 상품을 출시할 때 쯤엔 여섯가지 색소 중 마땅한 천연 대체품이 없는 청색과 녹색을 제외한 네가지 색소로 제품을 만들 예정임. "
205,0.1454,0.147216796875,100.0,0.0005,영양건강,OOD,"미국, 핏자국 있는 달걀이나 쌍란의 섭취는 안전한가? 달걀을 깨다보면, 가끔 껍질로부터 예전에 보지 못했던 것을 볼 수 있음. 달걀에서 빨간 점을 본 적이 있다면 말하고자 하는 것을 알 것임.가금과학 명예교수와 양계장 관련 책을 쓴 농업인과 대화를 나누었음. 그들은 달걀에서 일어나는 미스터리에 대해 설명할 것임.[핏자국]달걀노른자에서 작은 빨간 점을 본적이 있다면 당신은 수정란이라고 생각하겠지만 그렇지 않음.코네티컷 대학의 Michael Darre 명예교수는 ""핏자국은 달걀노른자가 닭의 난소로부터 나올 때 작은 찢어짐으로 인한 것이다.""라고 하였음.이러한 빨간 입자는 먹기에 안전한 것임.[고기자국]지역 생산자로부터 농장의 신선한 달걀을 골랐다면 달걀에 떠다니는 갈색 또는 붉은색의 점을 보았을 것임. 이는 암탉에서 달걀이 움직일 때 닭에서 찢어진 작은 조직임.이는 핏자국과 마찬가지로 먹어도 안전한 것임.[쌍란]쌍란은 현대 검란법 뿐만 아니라 일반적으로 특정 연령대의 닭에서만 생산되기 때문에 매우 드물게 발생함. Darre 명예교수는 ""영계나 노계로부터 더 많은 쌍란을 발견할 것이다.""라고 하였음.[어두운 노른자]달걀영양센터(Egg Nutrition Center)에 따르면, 노른자 색은 닭의 사료의 카로티노이드 함량에 따른 것임.연구에 따르면 어두운 색의 노른자, 방목(pasture-raised) 달걀은 일반적인 달걀에 비해 콜레스테롤이 적고 오메가3과 베타카로틴이 많아 좀 더 영양적 밀도가 높음.[이상한 껍질]달걀껍질의 색은 알을 낳은 암탉의 품종에 따른 것으로, 이는 영양가의 지표가 아님. 달걀껍질의 모양과 질감은 때때로 달라질 수 있음.집에서 닭을 기르거나 농장 가판대에서 구매할 때 이상한 모양의 달걀을 볼 수 있지만 이는 해로운 것이 아님. 까칠한 질감의 달걀은 산란 과정에서 부드럽게 처리되지 않은 칼슘 침전물임."
879,0.1455,0.147216796875,100.0,0.0005,영양건강,OOD,"호주 소비자단체 ‘초이스’, 살구씨 섭취 경고 호주 소비자단체 ‘초이스(CHOICE)’는 살구씨 섭취를 경고했음. '초이스'는 살구씨의 암 치료 효과는 그 근거가 없으며, 살구씨 섭취가 오히려 시안화물 중독을 일으킬 수 있다고 경고했음. ‘초이스(CHOICE)’는 호주뉴질랜드 식품기준청(FSANZ)이 살구씨 판매를 금지하려는 움직임을 지지하는 바임. 살구씨는 암 치료제로 크게 선전됨. 하지만 그것 대신 중독을 일으킬 수 있음. 돌팔이 의사들의 말과는 반대로, 살구씨에서 발견되는 아미그달린(amygdalin)이 암을 치료한다는 과학적 증거는 없음. 살구씨 제품 구입은 돈 낭비일 뿐만 아니라 건강을 심각한 위험에 빠뜨리는 것임. 이는 살구씨 섭취가 시안화물 중독을 야기하기 때문임. ‘초이스’의 대변인은 “살구씨를 소량 먹는 것은 괜찮다. 하지만 일부 판매업자들은 살구씨를 하루에 32개까지 먹도록 권장하면서 살구씨를 스낵으로 kg단위로 판매하고 있다. 이 지시사항을 따를 경우 사람들은 시안산 안전 수치보다 최대 940%를 더 섭취할 수 있다.”고 전했음.  호주 암 협의회는 살구씨가 암을 치료한다는 주장은 근거가 없다고 밝혔음. 호주뉴질랜드 식품기준청의 위해평가에서는 생살구씨 섭취가 급성 건강 및 안전 위험을 일으킬 수 있음이 확인됐음. ‘초이스’는 살구씨를 호주에서 쉽게 구할 수 있음을 확인함. 예비 조사에서 시드니의 보건식품 상점들과 많은 온라인 상점에서 살구씨를 판매하고 있었음. 그 중 많은 상점들은 살구씨 섭취가 암 환자에게 이롭다고 홍보했음. "
1703,0.1455,0.147216796875,100.0,0.0005,안전위생,OOD,"[회수]호주 Cathay Herbal Laboratories, 하수오(Fallopia multiflora) 함유 등재의약품 회수 * 호주 연방의료제품청 회수 데이터베이스: https://apps.tga.gov.au/Prod/sara/arn-entry.aspx - 회수조치 시행일자: 2020.12.10 - 회수사: Cathay Herbal Laboratories- 제품명: 하수오(Fallopia multiflora)를 함유한 모든 Cathay Herbal Laboratories 제품. (ARTG 11681, 11712, 11718, 42904, 50319, 125316, 125320, 140500 및 14050)- 회수사유: 호주 연방의료제품청(TGA)은 하수오 원료의 안전성을 검토하였으며, 하수오 함유 등재의약품의 안전성은 허용될 수 없다는 견해를 나타냄. 하수오는 심각한 간 손상과의 연관성이 확립되었음."
1485,0.1456,0.147216796875,100.0,0.0005,화학적 위해요소,OOD,"미국 크라프트사, 일부 슬라이스 치즈 제품에 인공 보존료 넣지 않기로 발표 미국 치즈제조업체 크라프트(Kraft)(사)는 당사가 생산하는 인기 슬라이스 치즈 제품에 인공 보존료를 넣지 않을 것이라 밝힘. 이번 결정은 'Kraft Singles(full-fat American)' 제품 및 'White American varieties' 제품군에 적용됨. 크라프트 측은 인공 보존료로 쓰인 소르빈산을 천연 곰팡이 저해물질인 나타마이신(natamycin)으로 대체될 것이라고 전함.  크라프트(사)의 이번 결정은 점점 더 많은 미국인들이 식품에 관심을 기울이고 천연 성분이 함유된 식품을 섭취하려는 움직임이 나타나는 상황에서 나온 것임. 이러한 움직임은 다수의 식품 제조업체들이 제품 성분을 변경하도록 유도해 왔음. "
551,0.1456,0.147216796875,100.0,0.0005,안전위생,OOD,"캐나다 젤로소 그룹, 10대 사망 사건 이후 카페인 첨가 주류 생산 중단 캐나다 퀘벡의 'FCKD UP' 카페인 주류 제조사 '젤로소 그룹(Geloso Group)'이 지난주 14세 소녀가 사망하자 해당 제품의 생산을 중단할 계획이라고 발표했음. 젤로소 그룹은 4일(현지시각), 직원들에게 'FCKD UP' 음료 생산을 즉시 중단토록 지시했음. 해당 음료의 알코올 함량은 11.9%임. 피해 소녀는 지난 1일, 학교 뒷편 하천에서 숨진 채 발견되었음. 경찰이 현재 음용 여부를 확인하고자 독성 검사 결과를 기다리는 중인 가운데 수사관들은 음료가 사인일 수 있다고 언급하였음. 퀘벡에 소재한 'Couche-Tard' 체인형 편의점은 2일, 음료를 판매하지 않겠다고 말했으며, 보건 전문가들은 젤로소 그룹이 음주의 영향력을 잘 모르는 10대들을 대상으로 마케팅을 했다고 비난하기도 했음."
1369,0.1456,0.147216796875,100.0,0.0005,안전위생,OOD,"영국 웨일스 카디프, 100마리 이상의 바퀴벌레 발견된 식당 과태료 처분 영국 웨일스 카디프 소재의 한 테이크아웃 카페에서 100여 마리의 바퀴벌레가 발견되어, 소유주 둘에게 각각 1,000파운드, 500파운드의 과태료가 부과되었음.  불시로 진행된 식품 위생 검사 과정에서 소유주 중 한 명이 카운터 및 곤충을 쓸어내는 것이 목격되기도 했음.  이들은 카디프 의회에 의해 기소된 후 450파운드의 비용을 지불하라는 명령도 받았는데, 이는 2019년 5월 의회 직원들이 샌드위치, 카레 요리, 구운 감자를 제공하는 카페를 정기 점검한 데 이은 것임. 주방 바닥에서 살충제 분말이 발견된 후 조사관이 정밀 검사를 실시했는데, 더 많은 곤충뿐 아니라 싱크대 밑에서 바퀴벌레 덫도 발견되었음. 동 카페는 바퀴벌레가 살모넬라균을 옮길 위험으로 인해 자발적으로 폐쇄했음."
371,0.1456,0.147216796875,100.0,0.0005,화학적 위해요소,OOD,"호주 멜버른, 살구씨 자가치료한 남성...시안화물 중독 증세 호주 멜버른에 거주하는 한 남성이 일명 '기적의 다이어트'라는 일시적인 유행을 맹신해 시선을 끌었음. 간단한 수술을 받으러 병원에 내원했던 이 남성에 대해 의료진은 비흡연자인 환자의 적혈구 중 산소가 낮다는 사실을 확인함. 환자와의 면담 끝에 예전에 전립선암을 앓았다가 회복했으며, 살구씨로 자가치료를 한 적이 있다는 사실을 확인했음.  이 남성은 살구씨 추출물이 암 재발을 막는다는 말을 들었다고 알프레도 병원의 알렉스 박사는 전했음. 2016년 초, 살구씨가 풍부한 영양소와 암을 물리치는 물질이 함유되었다면서 '슈퍼푸드'로 각광을 받았음. 이후 사실이 아닌 것으로 밝혀지고, 의료진들이 인체에서 유독 화학물질인 시안화물로 전환되는 아미그달린이 다량 함유되어 있다고 경고한 바 있음. 호주 식품안전 당국에 따르면, 하루에 살구씨를 두 개 이상 섭취하면 시안화물 안전수준을 초과할 수 있음. 이 남성은 살구씨 보충제인 '노보달린(Novodalin)을 매일 세 알씩 섭취했으며, 집에서 갈아서 먹기도 해 하루에 섭취하는 시안화물이 17mg을 초과했음.  이 남성은 혈액 검사에서 허용 기준의 25배가 넘는 시안화물이 검출되었음. 의료진은 생명에 이상이 없을만큼 섭취 가능한 시안화물 양이 얼마인지에 대한 검사가 이루어진 적이 없다고 언급했음. 실제 시안화물은 생명을 위협할 수 있으며, 그 효과도 잘 알려져 있지 않고, 살아있는 사람을 대상으로 한 기준 검사도 마련되어 있지 않은 실정임. 아울러, 살구씨 추출물이 암을 치료한다는 근거도 없음.  한편, 호주뉴질랜드 식품기준청(FSANZ)은 살구씨 식품을 판매하는 금지를 금지한 바 있으나 보충제 형태로는 건강식품 웹사이트를 통해 여전히 판매되고 있음. 이번 사례는 국제 동료 평가 저널인 BMJ 케이스 리포트(BMJ Case Reports)에 게재되었음.  (*) 연구전문 http://casereports.bmj.com/content/2017/bcr-2017-220814"
2186,0.1458,0.147216796875,100.0,0.0005,표시광고,OOD,"미국, 식물성 식품 제조업체들은 생선을 예의 주시 하는 중 최근 버거킹과 레드 로빈이 임파서블 버거를 메뉴에 추가한 식당 체인점이라는 뉴스를 통해 식물성 고기 대안 관련 내용이 주목을 받고 있음. 굿푸드연구소가 집계한 자료에 따르면, 해산물 스타일의 제품들은 작년에 전체 식물성 고기 판매의 약 1.4%에 불과했지만, 그 비율은 시장에 새로운 제품들이 출시되며 증가할 수 있음.  유엔식량농업기구에 따르면, 전 세계적으로 생선 소비량은 50년가량의 연간 인구 증가량보다 두 배나 빠르게 증가했다고 함. 참다랑어의 강한 수요와 감소하는 공급은 식물 기반을 둔 업체들이 복제를 위해 참다랑어를 선호하게 만들었음. 식품마케팅연구소 보고서에 따르면 미국45%의 소비자들이 참다랑어를 자주 구입하는 것에생새우는 30%, 연어는 29%를 구입한다고 함. 채드와 데릭 사르노 형제와 다른 세 파트너는 참다랑어를 시작으로 식물성 해산물 대안을 개발하기 위해 굿 캐치(Good Catch)를 만들어냄. 채식주의 요리사들은 완두콩 등의 콩류에서 추출한 식물성 단백질이 냄새 없이 참다랑어의 질감과 맛을 그대로 재현하는 제품을 만들어냄. 이 제품은 많은 소비자들이 참다랑어를 선호하는 이유인 오메가-3 지방산이 들어 있는 알갈 오일(algal oil)을 함유하고 있기도 함. 상온 보관이 가능한 세 가지 맛의 참다랑어는 2월에 식료품 구독 서비스인 ‘Thrive Market’과 일부 ‘Whole Food Market’에서 판매가 시작됨. 소피의 주방(Sophie’s Kitchen) 설립자인 유진 왕은 10여년 전 딸 소피가 실수로 새우 몇 마리를 먹고 심한 알레르기 반응을 보인 후, 곤약이라고 불리는 아시아의 뿌리 채소로 만든 식물성 해산물을 개발하기 시작함. 그는 2010년에 이 회사를 설립했고 오늘날에는 베간투나(VeganToona)라는 참다랑어 제품과 함께 식물성 냉동 생선 필레, 새우, 게, 연어 등을 판매하고 있음."
1144,0.1458,0.147216796875,100.0,0.0005,안전위생,OOD,"인도, 마가린을 버터로 둔갑시켜 사용하는 사기 성행 최근 인도 식품업계에서 마가린이 버터로 둔갑해 사용되는 경우가 만연하다는 사실이 확인된 이후, 인도 식품안전기준청(FSSAI)의 규제 비효율이 다시 문제시되고 있음.  얼마 전 니틴 가드카리 연방장관이 인도 총리에 보낸 서한 내용에 따르면, 식품의 제조·가공에 버터 대신 마가린을 사용하는 편법이 만연해 있음. 연방장관은 식품안전기준청이 마가린의 유해성을 검토하여 다른 국가들처럼 그 사용을 금지 또는 제한해야 한다고 주장했음. 장관은 ""버터 대신 마가린을 사용하고 이를 표시하지 않는 것은 소비자의 권리를 침해하는 것이며, 낙농업에도 부정적인 영향을 미친다""고 밝혔음. 한편 인도 식품안전기준청은 마가린의 유해성에 대해 마가린의 트랜스지방 비율을 5% 이하로 제한하고 있고 2021년까지 그 비율을 3%, 2022년까지 2%로 줄일 것이라고 밝혔음. 또 마가린을 '유사 유제품'으로 규정하고 마가린 사용 제품에는 유제품이 아니라는 문구를 의무적으로 표시하도록 관련 규정을 개정하고 있다고 밝혔음."
1491,0.1458,0.147216796875,100.0,0.0005,화학적 위해요소,OOD,"[회수]영국 Loch Lomond Brewery, 탄산가스 과다 주입으로 에일 제품 3종 회수 -일시 : 2019.7.19.-지역 : 영국 Lidl 독점 판매-제품명 : 사용권장기한 2020년 6월, 배치코드 100619 동일1) Citra Kind of Magic 4.0% APA2) Lost in Mosaic 5.0% IPA3) Red or Dead 4.5% IPA  440ml-회수사 : Loch Lomond Brewery-회수사유 : 탄산가스 과다 주입에 따라 개봉 시 캔이 터지며 열릴 가능성 있음-제품사진 : 원문참조"
2126,0.1459,0.147216796875,100.0,0.0005,물리적 위해요소,OOD,"뉴질랜드 일차산업부, 우윳빛의 도미 샘플 검사했으며 식품 안전성 문제 확인되지 않아 뉴질랜드 비영리단체인 레가시(LegaSea)는 페이스북에 낚시꾼들로부터 우윳빛 어육의 물고기(finfish)와 도미(snapper)를 잡았다는 보고를 여러 건 받았으며, 이 물고기를 만지거나 먹었을 때의 위험성에 대해 우려하고 있다고 게시했음.  뉴질랜드 수산청(Fisheries New Zealand) 대변인은 하우라키만(Hauraki Gulf)과 노스랜드(Northland) 동부 지역에서 나타나는 것으로 보인다고 함. ""뉴질랜드 일차산업부(MPI)는 우윳빛 어육의 물고기 샘플을 검사했고 식품 안전성 위험에 대한 증거가 확인되지 않았다. 그리고 관련된 질병보고가 없다""고 함. ""예방 차원으로, MPI는 지속적으로 모니터링할 것이며 추가적인 검사를 실시할 것이다. 식품 안전성 문제가 확인되면, MPI는 대중을 보호하고 알리기 위해 조치를 취할 것이다""고 함. 수산청은 ▲먹이 공급원, ▲기후, ▲환경적/생태계적 상황 등이 영향을 줄 수 있는지 여부와 함께, 우윳빛을 띄는 원인을 규명하기 위해 노력하고 있음."
10,0.146,0.147216796875,100.0,0.0005,화학적 위해요소,OOD,"뉴질랜드 오클랜드 보건소, Hello Fresh의 회수 식품 섭취로 21명 식중독에 걸려 *관련 기수집정보- [회수]뉴질랜드 HelloFresh New Zealand Ltd, 히스타민 함량 증가로 전갱이 필렛 회수(수집일자: 2020-11-10)- 뉴질랜드 오클랜드 보건소, Hello Fresh의 회수 식품 섭취로 12명 이상 식중독에 걸려(수집일자: 2020-11-12) Hello Fresh 제품의 부패한 상선을 먹은 후 식중에 걸린 사람들에 대한 상세 내용이 공개되었음. 최근 수치는 현재 뉴질랜드의 여러 보건소에 보고된 히스타민(스콤브로이드) 식중독 사례가 21건임을 보여줌. 보건부는 수요일을 기준으로, Capital  Coast District Health Board 지역에서 9명, Waikato에서 5명, Hutt Valley에서 5명, MidCentral DHB 지역에서 2명의 사례가 발생하였다고 함."
1503,0.146,0.147216796875,100.0,0.0005,영양건강,OOD,"미국 식품의약품청, Revive Superfoods(사) 제품 섭취한 소비자의 급성 간부전 보고에 대한 조사 진행 중 미국 식품의약품청(FDA)은 Revive Superfoods(사)의 제품을 섭취한 이후 급성 간부전을 겪었다고 밝힌 사람들의 불만 사례를 조사하고 있음. FDA는 이미 Daily Harvest(사)에 대한 조사를 진행하고 있으며 이제는 Revive Superfoods도 조사하고 있다고 밝혔음. Vincent Carrotozzolo는 6월에 간 효소 증가로 입원하였고 급성 간부전을 경계하고 있다고 함.  그는 Revive Superfoods의 스무디(베리스무디, 망고파인애플스무디)를 섭취했었다고 하며, 최근 Daily Harvest(사)의 French Lentil + Leek crumbles 제품 회수와 소비자들의 만성 간부전 문제의 원인으로 타라분말이 지목되었음을 들었다고 함. 또한 그는 타라 단백질이 Revive Superfoods의 망고파인애플스무디(Mango and Pineapple smoothies)의 성분임을 알게 되었음. Revive Superfoods는 망고파인애플스무디에 대한 병원균, 독소, 알레르기 유발성분 검사 결과가 음성이었다고 밝혔음. 캐나다 식품검사청과 FDA는 현재 조사 진행 중이라고 밝혔음."
1707,0.146,0.147216796875,100.0,0.0005,영양건강,OOD,"미국 Amazon(사)&eBay(사), 미국 10대의 사망과 관련된 토르티야 칩 제품은 판매하지 않을 것 * 기수집정보1) 미국, '원칩 챌린지'로 10대 사망...Paqui(사)는 해당 제품 매장 철수하기로(수집일자: 2023-09-09)2) 미국 Paqui(사), '원칩 챌린지' 제품은 캐나다와 미국에서 철수 중(수집일자: 2023-09-09) 미국 Amazon(사)와 eBay(사)는 미국의 10대 사망과 관련된 매운 토르티야 칩을 판매하지 않기로 함. 이는 미국에서 판매가 중단되었으나, 글로벌 판매자들이 수입한 제품은 여전히 판매 중임. BBC Newsbeat가 Amazon(사)에 연락한 이후, Amazon(사)는 미국, 영국, 유럽, 중동 및 아프리카 사이트에서 해당 제품을 삭제할 것이라고 밝혔음. 또한 온라인 소매업체는 최근에 해당 제품을 구매한 해외 구매자에게 연락하여 이를 알릴 계획임. eBay(사)의 대변인은 이용자의 안전이 “최우선”이고 판매 목록을 삭제하였다고 밝혔으며, “우리는 사이트를 면밀히 모니터링하고 있으며, 목록이 나타나면 삭제할 것이다.”라고 덧붙였음."
36,0.146,0.147216796875,100.0,0.0005,영양건강,OOD,"미국 펜실베니아주 하원, 통학버스 운전수의 알레르기 처방 법안 통과 미국 펜실베니아주 하원은 지난 주, 학생 건강 및 안전 법안(Student Health and Safety Bill)을 통과시켰음. 입안자 저스틴 시몬스는 학교통학버스 운전수가 알레르기 반응을 겪고 있는 학생에게 주사형 의약품인 에피네프린(epinephrine)을 투여하는 것을 허용하는 법안을 작성했음.    시몬스의 법안은 버스 운전수가 최초로 주 보건부가 제공할 교육 프로그램을 이수할 것을 요구함. 또한 운전수는 에피네프린을 사용하기 위해 학군 지침을 준수할 것이 요구됨. 에피네프린 사용에 적용되는 버스 운전수에게는 시 특혜가 제공될 것임. 현재 미국내 다른 학군에서는 운전수가 에피네프린을 사용하는 것을 허용하고 있으나 일부 운전수들은 소송에 대한 우려로 탑승한 학생들에게 에피네프린을 사용하는 것을 주저하기도 함. 시몬스는 상원 위원회의 법안 표결을 기다리고 있으나 아직 위원회에 상정되지는 않았다고 밝혔음."
1985,0.146,0.147216796875,100.0,0.0005,물리적 위해요소,OOD,"[회수]영국 TESCO, 악취가 난다는 소비자 신고로 과일음료 회수 - 일시: 2015.1.28.- 제품명: No Added Sugar Double Concentrate Apple and Blackcurrant squash(1.5 L)- 회수사: TESCO - 회수사유: 한 소비자가 악취가 난다고 신고함.- 기타: TESCO(사)는 승인된 첨가물인 '이황화메틸(Dimethyl Disulphide)'이 잘못 첨가된 것이 원인이며 마늘 냄새 같이 강한 냄새가 나지만 건강상 위험은 없다고 밝힘. 그러나 웹사이트에 세부 사항을 게시하지 않고 회수 조치하여 소비자들의 거센 항의를 받고 있음.  "
1201,0.146,0.147216796875,100.0,0.0005,안전위생,OOD,"미국 공익과학센터, 수크랄로스 등급 '주의'에서 '기피'로 하향 조정  미국 공익과학센터(CSPI)는 자체 식품첨가물 가이드 '케미컬 쿠진(Chemical Cusine)'에서 브랜드명 스플렌다(Splenda)로 알려진 인공 감미료 수크랄로스(sucralose)자체 안전성 등급을 '주의'에서 '기피'로 하향 조정했음. 센터는 이탈리아의 라마니찌니 연구소(Ramazzini Institute)가 새로 발표한 수크랄로스가 수컷 쥐에게 백혈병을 유발하고 혈액암과 관련이 있다는 연구를 이유로 들었음. 센터는 수크랄로스 등급을 두 번에 걸쳐 하향 조정했음. 2013년에는 라마찌니 연구소가 한 컨퍼런스에서 당시 게재되지 않은 연구결과에 대한 언급이 있은 이후, 수크랄로스 등급을 '안전'에서 '주의'로 낮추었음. 당시 라마찌니 연구소의 결과는 1월 29일자, '직업환경보건국제저널'에 게재되었음. 수크랄로스는 또 다른 인공 감미료 '아세설팜 칼륨'과 함께 '다이어트 펩시'에서 확인되거나 '아세설팜 칼륨'과 '아스파탐'을 병용한 '다이어트 마운틴 듀'와 같은 일부 다이어트 탄산음료에서 확인됨. 또, 요거트부터 시리얼류에 이르는 모든 음식에도 존재함. 미국에서는 다른 어떤 인공 감미료보다 수크랄로오스를 사용한 제품이 많음. 센터는 수크랄로스 또는 스플렌다 섭취를 자제하도록 소비자에게 권고하면서, 사카린, 아스파탐 및 아세설팜 칼륨 또한 자제하도록 당부했음. "
1263,0.1461,0.147216796875,100.0,0.0005,화학적 위해요소,OOD,"미국 식품의약품청, 히게나민 함유 보충제 수입한 중국 업체 2곳에 수입경보 발령 미국 식품의약품청(FDA)은 3월 12일, 히게나민(Higenamine) 성분을 함유한 식이보충제 및 대용량 식이원료에 대해 '물리적 검사 없이 억류(DWPE)' 관련 수입경보 54-18(*)을 발령하였음. 히게나민은 FDA의 식이보충제 원료 권고목록(DSIA List)(**)에 등재된 식이원료임. 수입경보 54-18에서는 2개 중국업체에 대해 미국으로의 히게나민 제품 수입을 금지하였음. FDA는 이를 연방 식품, 의약품 및 화장품법에 따라 오염된 것으로 결정하였음. 동 수입경보에서, FDA는 ""해당 원료가 질병이나 부상의 중대하거나 불합리한 위험을 나타내지 않는다는 합리적인 확신을 제공하는"" 부적절한 정보가 있다고 언급하였음.  (*) FDA 수입경보 54-18: https://www.accessdata.fda.gov/cms_ia/importalert_1158.html(**) FDA 식이보충제 원료 권고목록: https://www.fda.gov/food/dietary-supplement-products-ingredients/dietary-supplement-ingredient-advisory-list"
1904,0.1461,0.147216796875,100.0,0.0005,안전위생,OOD,"뉴질랜드 환경보호청, 잡초 ‘privet’에 대한 생물학적 방제 허가 뉴질랜드 환경보호청(EPA)은 잡초 ‘privet’ (Ligustrum spp.)의 생물학적 방제제로 privet 방패벌레(Leptophya hospital)를 방생하는 것을 허가했음. privet은 중요한 잡초로 간주되며 많은 지역에 지나치게 풍부해 전통적인 방법으로는 관리할 수 없음. 이 잡초의 잎을 먹도록 privet 방패벌레를 도입할 것이 제안됨. 상기 방제법의 목표는 이 침입성 잡초의 성장 및 생산성을 감소시키는 것임."
941,0.1461,0.147216796875,100.0,0.0005,화학적 위해요소,OOD,"미국 공익과학센터, ""건강해진 맥너겟?"" 27일, 28일 양일간 보도된 뉴스가 마치 맥도날드는 인공 보존료를 사용하지 않은 '깨끗해진', '건강해진', '단순해진' 치킨 맥너겟을 일부 지역에서 시범 판매하겠다는 것으로 비쳐짐. 그러나 맥너겟의 수많은 원료들을 실제 사용하지 않을지 또는 얼마나 중요한 문제로 다룰지는 분명하지 않음.  맥너겟에 사용되는 보존료인 구연산은 이미 공익과학센터가 매우 안전한 것으로 분류한 바 있음. 언론 보도에서 다룬 또 다른 보존료는 터셔리부틸히드로퀴논(TBHQ)임. 맥너겟에는 없지만 튀김유에 사용되는 원료로, 맥도날드가 맥너겟만 언급하고 있는 실태에 문제가 있음. 센터는 터셔리부틸히드로퀴논이 래트의 종양 발생이 증가시켰다는 한 정부 주도 연구를 들어, 소비자들에게 해당 물질을 피해야 한다고 권고했었음.  센터는, 맥도날드가 맥너겟 전체 원재료명을 밝히지 않고 있다면서 언론 보도 내용보다 축약될 수 있다고 말했음. 맥도날드가 나트륨 함량을 절반으로 줄인다 해도 제품이 건강해졌다는 주장을 정당화할 수 있다고 설명했음."
740,0.1461,0.147216796875,100.0,0.0005,물리적 위해요소,OOD,"미국 애리조나, 버거킹 메뉴에서 면도날 나와 미국 방송사 '3TV'는 애리조나주 플래그스태프에 거주하는 한 여성이 닭고기, 사과, 크랜베리가 든 버거킹 'Chicken Apple Cranberry'제품에서 면도날이 검출되었다고 보도했음. 이 여성은 정말 자신의 샐러드에서 면도날이 나왔다면서 자신에게 위해를 가했을 수 있었다고 말했음. 이 여성이 버거킹 매니저에게 면도날을 보여준 후, 직원들은 모든 샐러드 제품이 섭취하기에 안전한지 확실히 하기 위해 이를 뒤졌음. 버거킹 관계자는 직원들이 면도날을 선반에 둔 것을 시인했다면서 부주의로 상추 통에 떨어졌을 것이라고 말했음. 그 직원은 보도된 대로 해고되었음. 이 여성은 그녀의 제품을 환불받았으며, 무료 샐러드 쿠폰을 제공받았음. 그녀는 '3TV'에 업체를 소송할 계획은 없으나 유사한 사례가 다른 소비자들에게는 발생하지 않기를 바란다고 말했음. "
2205,0.1461,0.147216796875,100.0,0.0005,영양건강,OOD,"뉴질랜드 슈퍼마켓, 영국 금지 움직임에도 에너지음료 판매 고수 입장 밝혀 ﻿영국 유명 유통체인점 4곳이 16세 이하를 대상으로 에너지음료를 판매하지 않겠다고 발표한 것과 관련해, 뉴질랜드 유명 슈퍼마켓들은 판매 제한 계획이 없다고 밝혔음. 지난주 영국 세인스베리(Sainsbury)가 알디(Aldi), 아스다(Asda), 웨이트로스(Waitrose)처럼 10대가 에너지음료를 구입할 때에는 주민등록증을 제시토록 하겠다고 발표한 바 있음. 이 같은 움직임은 소비자 단체들이 청소년들의 카페인 과다 섭취로 청소년 건강과 학업에 악영향을 줄 수 있다고 연달아 경고한 것이 계기가 되었음. 영국 보건부는 에너지음료와 에너지샷이 어린이와 청소년들에게 적합하지 않다는 견해를 밝혔음. 그러나 뉴질랜드의 뉴월드(New World)와 팩앤세이브(Pak'nSave)를 보유한 카운트다운(Countdown)과 푸드스터프(Foodstuffs) 대변인은 연령 제한을 계획하고 있지 않다고 언급했음. 카페인의 주 원인 식품이 커피와 차이며, 어린이의 식음료 구매 선택은 학부모와 선생님의 몫이라고 설명했음."
831,0.1462,0.147216796875,100.0,0.0005,영양건강,OOD,"셔벗 섭취한 한 여성, 식품 알레르기로 사망 그리스의 한 숙박업소에서 딸기맛 셔벗을 섭취한 한 영국인 여성이 사망했음. 이 여성은 셔벗 한 숟가락을 섭취한 이후 남편에게 혀가 저림을 느낀다고 말했다고 함. 그녀는 난류, 우유 또는 사과에 알레르기를 가지고 있었음. 이후 쓰러진 이 여성은 병원으로 이송되었으나 사망했음."
246,0.1462,0.147216796875,100.0,0.0005,표시광고,OOD,"캐나다 보건부, '기적의 미네럴 치료제' 경고  캐나다 보건부는 대서양 소재의 한 판매점에서 미승인 의약품 '기적의 미네럴 치료제(Miracle Mineral Solution, MMS)'를 판매했다고 밝혔음. 이 제품은 과거 섭취시 건강에 심각한 위험을 초래할 수 있다고 경고한 바 있으며, 업체는 직물 표백제 및 살균제에 주로 사용되는 화학물질을 넣은 이 제품으로 암, HIV, 감기, 말라리아를 치료할 수 있다고 홍보했음.  이 제품을 웹사이트 'Health Recovery Information'에서 구매한 국민들은 즉시 복용을 중단하고, 의사나 약사와 상담해야 함.  해당 제품에 함유된 아염소산 나트륨과 관련해, 캐나다 보건부는 인체용 의약품으로 허용한 적이 한 차례도 없으며, 다만 수의용 살균제와 단단한 표면을 소독하는 용도로 캐나다에서 허가되었음. 이 외에도 직물, 펄프, 종이를 표백하거나 정수 소독제에 주로 사용됨.  문제 제품은 '28% 아염소산 나트륨 및 정제수' 라벨과 '50% 구연산' 라벨이 표시된 2가지 병에 담아 판매되었음. "
1553,0.1462,0.147216796875,100.0,0.0005,물리적 위해요소,OOD,"호주 연방의료제품청, 변색 및 프로바이오틱 수치 감소로 'Ultrabiotic Factors for Juniors, Chewable Tablets' 회수 - 일자: 2022.1.6(회수조치시행일)(정보개시일: 1.10)- 제품명 및 설명: Ultrabiotic Factors for Juniors, Chewable Tablets, (30s 및 60s) > 배치번호: 200649, 201418, 201420, 210334, 200492, 201419, 201421, 210333, 210835 > ARTG 341873- 회수사(Responsible Entity(*)): FIT-BioCeuticals Limited * 회수 조치의 책임이 있는 스폰서/공급자/수입자를 나타냄- 회수사유: BioCeuticals은 특정 배치의 UltraBiotic Factors for Juniors (30s) (60s)에서 얼룩덜룩한 정제 알에 대한 소수의 불만을 접수받았음. 이후 BioCeuticals 가 항의 받은 배치와 남은 샘플에 대한 검사를 실시한 결과, 프로바이오틱스의 수치가 크가 감소한 것으로 확인되었음. 해당 배치들은 두 가지 프로바이오틱(총 Lactobacillus 및 총 Bifidobacterium) 활성에 대한 150억 CFU의 강조표시 요건을 충족하지 못할 수 있음.일반적으로 프로바이오틱스 원료는 습기에 민감함. BioCeutical 검사 결과, 일부 베조 성분에서 결합 가능한 습기를 발견하였으며, 이는 시간이 흐름에 따라 변색되도 프로바이오틱스 수치가 감소하는 원인이 됨.* https://www.tga.gov.au/aust-numbers-medicine-labelsARTG(Australian Register of Therapeutic Goods)에 포함된 모든 의약품은 관련 AUST 번호(AUST R, AUST L 또는 AUST L(A) 번호)을 포함해야 함. AUST 번호는 ARTG에서 제품을 식별함. ARTG ID 또는 등록/등재 번호로 알려져 있음."
1811,0.1464,0.147216796875,100.0,0.0005,안전위생,OOD,"캐나다 식품검사청, 계피 함유 식품 및 바닐라 추출물 중 쿠마린 보고서 발표(2014-2015) 캐나다 식품검사청(CFIA)은 739개의 계피 함유 식품 및 바닐라 추출물 중 쿠마린(coumarin) 조사 보고서를 발표함. 샘플은 조리용 소스 148종, 건조 음료 믹스 38종, 계피 및 바닐라 오일 및 추출물 239종, 향신료 믹스 104종, 차 210종으로 구성되었음. 조사 샘플 중 63%에서 쿠마린이 검출되었으나 본 조사 결과 검출된 식용 색소는 건강에 우려될 만한 수준이 아니었음. 이에 따라 필요한 후속 조치는 없었음."
770,0.1464,0.147216796875,100.0,0.0005,영양건강,OOD,"뉴질랜드 단체, 과음으로 인해 10년간 8,000여 건의 조기 사망 사례 발생해 뉴질랜드의 한 단체인 '알코올액션 뉴질랜드(Alcohol Action New Zealand, AANZ)'는 지난 10년 동안 알코올 관련된 뇌 손상을 입고 태어난 아이가 30,000 명에 이르며, 같은 기간동안 8,000명의 뉴질랜드인들이 알코올로 인해 조기 사망했다고 밝혔음.  국가 알코올 감시관은 현 정부가 알코올 규제를 강화하기 위한 정신 건강 및 중독 조사의 권고를 지키지 않았다고 비난했음, AANZ는 뉴질랜드 법률 위원회가 음주법을 검토한 지 10년이 지났다며, 알코올로 인해 수천 명의 조기 사망 뿐만 아니라 700,000 건의 신체적, 성폭력, 알코올 관련 뇌 손상을 입고 태어나는 아이 30,000여명 등 700억 달러 이상의 사회적 비용을 초래했다고 말했음. 이에 대해 보건부 로빈 시어러(Robyn Shearer)는 알코올이 개인과 지역사회에 미칠 수 있는 영향을 인식하고 있다며, ""치료 서비스와 새로운 치료 모델에 대한 조사의 권고를 적극적으로 탐구하고 있다,""고 말했음."
1600,0.1464,0.147216796875,100.0,0.0005,화학적 위해요소,OOD,"[회수]호주 Kmart Australia Limited, 제품 하자로 머그잔 세트 4종 회수 - 회수일시: 2015.7.7- 유통지역: 호주- 제품명: Homemaker Mugs (4개 한 세트, 세트 4종, 6개 스타일, 판매기간: 2015.1.13 ~ 2015.6.22)- 스타일: APN Nos.1) 9341102716897 - Cockatiel2) 9341102716903 - Dipped3) 9341102716910 - Natural4) 9341102717023 - Urban5) 9341102726582 - Floral6) 9341102726599 - Isha- 회수사: Kmart Australia Limited- 회수사유: 뜨거운 액체를 담을 경우 머그잔에 금이 갈 수 있으며 바닥이 떨어져 나갈 수 있음- 기타: 제품 사진은 원문 참조 "
524,0.1464,0.147216796875,100.0,0.0005,생물학적 위해요소,OOD,"독일 법정, 카바카바(Kava)금지 판결 뒤집어 독일 행정법원은 카바카바 허브에 대해 12년 동안 금지되어 있던 것이 비합법적이며 부적절하다고 판결하였음.  2000년대 초, 카바카바가 간에 문제를 일으킬 수 있다는 보고서가 발표된 후 카바카바 독성에 대한 공포가 확산되었으며, 다수의 국가들이 해당 식물에 대해 경고하였음.  하지만 이번에 독일 행정법원은 카바카바를 금지할 정도로 리스크가 충분히 크지 않다고 판결함.  한편, 미국 미네소타 대학 연구진이 쥐 실험에서 카바카바 혼합물이 항암작용을 하는 것을 확인 하면서 카바카바식물(Piper Methysticum)의 뿌리의 추출물인 카바카바 엑기스가 최근에 인기를 얻고 있음.   독일 행정법원의 판결문: http://www.ahpa.org/Portals/0/pdfs/Germany_Lifts_Kava_Ban.pdf *역주: 판결문에 따르면 독일 의약품의료기기연구원(BfArM)은 2002년 카바카바 추출물 함유 의약품의 승인을 철회하였음."
733,0.1465,0.147216796875,100.0,0.0005,화학적 위해요소,OOD,"유럽, 용기 폭발 위험성으로 아일랜드에서 회수된 스리라차 제품의 유럽 수개국 유통 확인돼 *관련 기수집정보: - [회수]아일랜드, 내용물 폭발 위험성으로 마국산 스리라차 소스 제품 회수(수집일자: 2019-11-30)- EU RASFF, 식품사료신속경보 (15)(수집일자: 2019-11-29) 소비자 불만 제기에 의해 아일랜드 식품안전청(FSAI)을 통해 발표된 미국산 칠리 소스 제품이 유럽 전역에서 회수되고 있음.  [제품 정보]- 제품명: Sriracha Hot Chili Sauce(최적소비기한: Mar 2021, 배치코드: H9TMKA 44 33, 팩사이즈: 740ml)- 유통국: 오스트리아, 체코, 덴마크, 핀란드, 프랑스, 독일, 아이슬란드, 아일랜드, 폴란드, 슬로바키아, 스페인, 스웨덴, 영국- 원산지: 미국- 회수사유: 개봉 후 내용물 폭발 위험성- 제품사진: 원문참조 Tuong Ot Sriracha 브랜드의 핫 칠리 소스는 캘리포니아 소재 'Huy Fong Foods Inc.'(사)에서 생산되었음.  아일랜드의 한 소비자 불만 제기에 따라 본 경고가 촉발되었으며, 용기 개봉 시 폭발 위험성이 있는 것으로 알려짐. 아일랜드 식품안전청(FSAI)에 따르면 칠리 소스가 눈이나 피부를 자극할 위험이 있다고 함. 동 제품은 미국에서 네덜란드를 경유하여 오스트리아, 체코, 덴마크, 핀란드, 프랑스, 독일, 아이슬란드, 아일랜드, 폴란드, 슬로바키아, 스페인, 스웨덴, 영국 등으로 유통된 것으로 확인됨.  프랑스 관계자들은 이 용기에서 발효가 일어나 위험을 야기했다고 언급했음. "
1299,0.1465,0.147216796875,100.0,0.0005,화학적 위해요소,OOD,"캐나다 정부, 대인도 수출 콩류의 훈증 면제 기한 연장 캐나다 농업농식품부와 국제통상부는 이달 초 인도 정부를 방문하여 대인도 콩류 수출 시장 유지할 수 있게 되었다는 성명을 발표했음.  인도는 지난 2004년부터 수입 작물에 훈증 처리를 하도록 의무화하고 있는데, 캐나다는 냉기후인 점을 인정받아 해당 수입 규정에서 여러 차례 면제를 받아왔음. 그러나 2017년 3월 31일자로 면제 적용이 종료되어 통상 마찰이 대두되었음.  새로운 면제 요건에 따라 캐나다 대두 수출자들은 캐나다 출발 일시가 2017년 6월 30일 이전인 작물은 캐나다에서 훈증 처리를 하지 않아도 됨. 당국은 향후에도 현 통상 상태를 유지하고자 양국이 장기간, 과학에 근거한 해결책을 찾기 위해 노력할 것임.  2016년도 기준 대 인도 콩류 수출은 11억 캐나다 달러로 캐나다 세계 콩류 수출의 27.5%를 차지함. * (참고정보) - 최신정보 DB '캐나다, 대인도 수출 콩류의 메틸브로마이드 훈증법 문제 대두' (수집일 2017-02-17)- 최신정보 DB '캐나다, 대인도 수출 콩류의 메틸브로마이드 훈증 면제 거부' (수집일 2017-02-23)"
1210,0.1465,0.147216796875,100.0,0.0005,안전위생,OOD,"호주 연방의료제품청, 쑥 성분 함유으로 'Wealthy Super Urinary Gout Support' 회수 - 일자: 2020.03.11- 제품명 및 설명> 제품명: Good Life Nutrition/ Wealthy Super Urinary Gout Support (pack size 60 / 90/ 100)> Batch: 231210, 230221, 221116 및 220701> ARTG(등록번호): 199493- 회수사(Responsible Entity(*)): Universal Pharmaceuticals Pty Ltd* 회수 조치의 책임이 있는 스폰서/공급자/수입자를 나타냄  - 회수사유: 의료제품청(TGA)가 쑥(Artemisia) 성분의 안전성 검토에 착수하였으며, 임신 중이거나 임신 할 수 있는 소비자가 쑥(Artemisia) 종을 함유한 등재의약품(listed medicines)을 소비할 경우 위험이 초래될 수 있다는 의견을 밝혔음. 이에, TGA는 쑥 성분이 함유된 의약품을 임신 중이거나 임신 가능성이 있다고 생각하거나 임신하려는 사람이 섭취해서는 안된다고 권고함.  "
1134,0.1465,0.147216796875,100.0,0.0005,안전위생,OOD,"캐나다 보건부, 건강 위험 가능성이 있는 'Konsar Future Nutrition Inc.'(사) 생산 제품 경고 캐나다 보건부는 'Konsar Future Entry Inc.'(사)가 생산한 모든 제품들이 심각한 건강 위험을 초래할 수 있다고 경고함. 보건부는 제조 현장(퀘벡 'Dollard-Desktop Ormaux' 소재)을 검사한 결과 심각한 비위생적 조건 및 품질 관리 문제를 발견하였으며,이에 따라 동 사의 장소 및 제품 허가 101건 모두를 정지시킴. 이는 캐나다에서 더 이상 자사 제품을 제조하거나 판매할 수 없다는 것을 의미함. 제품 허가는 주로 건강, 신체 단련, 보디빌딩, 체중 관리를 위한 비타민과 보충제 등 다양한 천연 건강 제품에 대한 것이었음. 이 제품들은 라벨에 ""Konsar Future Entry Inc. 제조 제품""이 적혀서 다양한 브랜드 이름으로 판매되어 왔음(아래 목록 참조). 이 업체는 보건부의 요청에 따라 자사 제품의 판매를 중단했으며, 모든 제품에 대해 리콜을 요청한 상태임. [제품 목록]아래의 브랜드 이름으로 판매된 제품(*추가 가능성 있음)- Athltx Science- Elle Factor Weight Management- Future Nutrition- Humabolic Science- MVP Biotech- MVP Laboratories- MVP Lifestyle- MVP Nutrition- PHP Edge- Xtreme Lifestyle"
1319,0.1466,0.147216796875,100.0,0.0005,안전위생,OOD,"호주 연방의료제품청, 쑥 성분 함유로 'AntiBioBotanical 및 Ly)mex' 회수 - 일자: 2021.03.16(회수조치시행일)- 제품명 및 설명> 제품명: AntiBioBotanical 및 Ly)mex 1) AntiBioBotanical (배치 번호: L191101, L180901 / ARTG(등록번호) 166291) 2) Ly)mex (배치 번호: 19098003 / ARTG(등록번호) 291201)- 회수사(Responsible Entity(*)): BlueSkyGreenEarth Herbs Pty Ltd * 회수 조치의 책임이 있는 스폰서/공급자/수입자를 나타냄 - 회수사유: 의료제품청(TGA)가 쑥(Artemisia) 성분의 안전성 검토에 착수하였으며, 임신 중이거나 임신 할 수 있는 소비자가 쑥(Artemisia) 종을 함유한 등재의약품(listed medicines)을 소비할 경우 위험이 초래될 수 있다는 의견을 밝혔음. 이에, TGA는 쑥 성분이 함유된 의약품을 임신 중이거나 임신 가능성이 있다고 생각하거나 임신하려는 사람이 섭취해서는 안된다고 권고함. "
263,0.1466,0.147216796875,100.0,0.0005,안전위생,OOD,"미국 식품의약품청, 온라인에서 코로나19  치료용 차(tea)를 광고한 업체 1곳에 경고장 발부 미국 식품의약품청(FDA)은 연방 식품안전규정 위반과 관련한 경고장을 다음과 같이 발부했음. 경고장 수신 업체는 15일 이내에 경고장에 회신을 해야 하며, 업체의 시정 조치가 적절하지 않을 경우 제품 압류와 영업정지 같은 법적 조치가 이루어질 수 있음. 1. Coco's Holistic Specialties  Apothecary (온라인판매)- 경고장 발부일: 2021.01.04.- 홈페이지(https://cocosholisticspecialties.org/) 검토일: 2020.11.19., 12.17.- 주요 위반내용: '4-Thieves Florida Tea Concentrate' 및 '4-Thieves Florida Tea Powder' 제품을 코로나19 완화, 예방, 치료 또는 진단용으로 판매함. 동 제품은 미승인 신약이며, 오표시된 의약품임. 이러한 제품의 주간 통상은 금지되어 있음.- 경고장 원문: https://www.fda.gov/inspections-compliance-enforcement-and-criminal-investigations/warning-letters/cocos-holistic-specialties-apothecary-612001-01042021"
2030,0.1466,0.147216796875,100.0,0.0005,생물학적 위해요소,OOD,"미국 식품안전검사국, 클로스트리디움 퍼프린젠스 시장 조사 결과 등 발표 미국 식품안전검사국(FSIS)은 클로스트리디움 퍼프린젠스 시장 조사 결과 등 주간 보고를 발표했음. [클로스트리디움 퍼프린젠스 시장 조사 결과 게시]2023년 8월 16일, FSIS는 클로스트리디움 퍼프린젠스(Clostridium perfringens) 시장 조사 결과(*)를 FSIS 웹사이트에 게시했음. 2021년 5월, FSIS는 식품비상대응네트워크(FERN) 실험실을 통해 소매점에서 판매되는, 연방검사를 받은 육류 및 가금류 즉석섭취식품(RTE)에 대한 연구를 의뢰한 바 있음. 동 연구의 목적은 칠면조 가슴살 또는 로스트 비프와 같은 대량의 비-완전(non-intact) 제품으로 인한 소비자의 잠재적 위험을 알아보기 위한 것이었음.  동 연구는 냉각시간 연장이 필요한 대량의 RTE 제품에 집중되었으며, 연구 결과 494개의 샘플 중 1개만 양성 반응을 보였고, 낮은 수준의 클로스트리디움 퍼프린젠스(1.08 log10 cfu/그램)가 검출되었음. 이에 따라 기관들은 동 제품들에 대해 덜 엄격한 냉각절차를 지속적으로 사용할 수 있음.(*) https://www.fsis.usda.gov/sites/default/files/media_file/documents/Clostridium_Perfringens_Market_Basket_Study_Results_2021-0013-Rel.pdf  [생 가금육 실험실 샘플링 시설의 데이터 세트 업데이트]​탐색 및 특별 프로그램 가금육 샘플링, 생 닭고기 도체 샘플링, 생 닭고기 부위 샘플링, 생 분쇄 닭고기 샘플링, 생 분쇄 칠면조고기 샘플링, 생 칠면조 도체 샘플링, 생 가금육 후속 샘플링 데이터 세트를 하나의 '생 가금육 실험실 샘플링 시설의 특정 데이터 세트로 통합하였음. 신규 데이터 세트는 2023년 10월 13일에 게시되어, 정기적인 일정에 따라 업데이트 될 예정임. [FSIS, 살모넬라 검사된 가금류 도체, 닭 부위 및 분쇄 가금류에 대한 개별 범주 상태 및 집계 결과 게시 예정]2023년 8월 21일, FSIS는 생 가금류 도체, 생 닭고기 부위 및 분쇄 가금육 제품에 대한 개별 시설 살모넬라 성능 표준 분류 정보를 기관 웹페이지의 ‘살모넬라 검증 테스트 프로그램 월간 게시 페이지(**)’에 업데이트할 예정임. 추가적으로 FSIS는 어린 가금류 도체, 생 닭고기 부위 또는 즉석섭취식품이 아닌(NRTE) 분쇄 가금육 제품을 생산하는 시설에 대해 범주 1, 2 또는 3의 시설 수를 나타내는 집계 샘플링 결과를 게시할 것임. (**) https://www.fsis.usda.gov/science-data/data-sets-visualizations/microbiology/salmonella-verification-testing-program-monthly "
420,0.1466,0.147216796875,100.0,0.0005,안전위생,OOD,"호주 연방의료제품청, 쑥 성분 함유으로 'Gloria Herbs - Liver Detox' 회수 - 일자: 2021.02.12(회수조치시행일)- 제품명 및 설명> 제품명: Gloria Herbs - Liver Detox> Batch Number: 11577> ARTG(등록번호): 252038- 회수사(Responsible Entity(*)): Gloria Herbs Pty Ltd * 회수 조치의 책임이 있는 스폰서/공급자/수입자를 나타냄 - 회수사유: 의료제품청(TGA)가 쑥(Artemisia) 성분의 안전성 검토에 착수하였으며, 임신 중이거나 임신 할 수 있는 소비자가 쑥(Artemisia) 종을 함유한 등재의약품(listed medicines)을 소비할 경우 위험이 초래될 수 있다는 의견을 밝혔음. 이에, TGA는 쑥 성분이 함유된 의약품을 임신 중이거나 임신 가능성이 있다고 생각하거나 임신하려는 사람이 섭취해서는 안된다고 권고함.  "
1032,0.1466,0.147216796875,100.0,0.0005,안전위생,OOD,"호주 연방의료제품청, 쑥 성분 함유으로 'MediHerb Stealth Complex' 회수 - 일자: 2021.02.11- 제품명 및 설명> 제품명: MediHerb Stealth Complex > Batch Number: 25048 > 제품 코드: MHSTC60 > ARTG(등록번호): 286616 - 회수사(Responsible Entity(*)): Integria Healthcare Australia Pty Ltd * 회수 조치의 책임이 있는 스폰서/공급자/수입자를 나타냄 - 회수사유: 의료제품청(TGA)가 쑥(Artemisia) 성분의 안전성 검토에 착수하였으며, 임신 중이거나 임신 할 수 있는 소비자가 쑥(Artemisia) 종을 함유한 등재의약품(listed medicines)을 소비할 경우 위험이 초래될 수 있다는 의견을 밝혔음. 이에, TGA는 쑥 성분이 함유된 의약품을 임신 중이거나 임신 가능성이 있다고 생각하거나 임신하려는 사람이 섭취해서는 안된다고 권고함.  "
1765,0.1466,0.147216796875,100.0,0.0005,안전위생,OOD,"호주 연방의료제품청, 쑥 성분 함유로 'IMMUNE RX' 회수 - 일자: 2021.02.17(회수조치시행일)- 제품명 및 설명> 제품명: IMMUNE RX> Batch Number: Q00370 , 32926> ARTG(등록번호): 328695- 회수사(Responsible Entity(*)): ATP Science Pty Ltd * 회수 조치의 책임이 있는 스폰서/공급자/수입자를 나타냄 - 회수사유: 의료제품청(TGA)가 쑥(Artemisia) 성분의 안전성 검토에 착수하였으며, 임신 중이거나 임신 할 수 있는 소비자가 쑥(Artemisia) 종을 함유한 등재의약품(listed medicines)을 소비할 경우 위험이 초래될 수 있다는 의견을 밝혔음. 이에, TGA는 쑥 성분이 함유된 의약품을 임신 중이거나 임신 가능성이 있다고 생각하거나 임신하려는 사람이 섭취해서는 안된다고 권고함.  "
1570,0.1466,0.147216796875,100.0,0.0005,신규 위해요소,OOD,"호주, 이르면 내년 호주 슈퍼마켓에 배양육이 진열될 수 있어 호주뉴질랜드 식품기준청(FSANZ)는 고급 배양육 업체의 신청서를 평가하고 있으며, 다른 업체는 상황이 어떻게 바뀌는지 지켜보고 있음. 이는 미국 농무부가 Upside Foods(사)와 Good Meat(사)의 ""실험실에서 생장한(lab-grown)"" 또는 ""세포 배양된(cell-cultivated)""의 라벨이 붙은 닭고기를 판매할 수 있도록 승인한 것에 따른 것임.세포 기반의 육류 업체인 Vow(사)가 호주 최초로 배양육 판매를 신청했음. FSANZ 관계자는 ABC언론사에 FSANZ가 8월에 해당 신청 건에 대해 논의하고 내년 3월까지 결정할 예정이라고 함.배양육 업체인  Magic Valley(사)는 올해 식품안전기관에 신청서를 제출하고, 승인을 받으면 2024년 말까지 제품화를 목표로 계획하고 있다고 함."
604,0.1466,0.147216796875,100.0,0.0005,물리적 위해요소,OOD,"[E/R]미국 Ingredients Solutions Inc., 섬유로프 발견으로 카라기난 회수 -지역: 미국 IA, KS, WI, KY-제품명: MBF-202 Carrageenan(191001-A 191001-B 191002-A Use by dates: 10/01/21  10/02/21 191002-B 191003-A)-회수사: Ingredients Solutions Inc. (회수중, 회수일: 8/27/2020)-회수사유: 2020년 8월 28일, 업체의 고객이 최종 카라기난 제품에서 최대 1/4""의 유색섬유(colored fibers)를 발견했음. 회수사는 이 섬유를 카라기난 제조에 사용되는 해초 원료의 생산 시 사용되는 섬유로프, 'tie tie'라고 확인하였음. 2020년 8월 28일 업체는 최종 카라기난을 회수조치함."
852,0.1466,0.147216796875,100.0,0.0005,안전위생,OOD,"캐나다 보건부, 알코올음료 대체재로 알려진 'Pace'가 불법이고 미승인 제품이라 발표 캐나다 보건부는 본지(CBC News)에 보낸 성명서를 통해 알코올음료 대체재로 알려진 'Pace'(* 원문 사진 참조)가 캐나다에서는 불법이고 미승인 제품으로 해당 제품의 판매를 막기 위해 적절한 후속 조치를 취하고 있다고 발표하였음. 제품의 제조사는 미주지역의 'Diet Alcohol Corporation'으로 자사 웹사이트에 'Pace'가 합법적이라고 설명하며 제품이 알코올, 칼로리 또는 숙취가 전혀 없는 새로운 알코올 대체제로 소개하고 있음. 제품의 활성물질인 'MEAI'에 대하여 미국 또는 캐나다에서 규제되거나 지정(scheduled)되어 있지 않다는 제조사의 주장과는 반대로, 캐나다 보건부는 'MEAI'에 대해 알고 있으며, 암페타민(amphetamines)과 가까운 통제된 물질(Controlled Substance(Schedule 1))로 간주한다고 밝혔음. 반면에, 연방경찰(RCMP) 또는 캐나다 국경관리청(CBSA)은 'Pace'가 캐나다로 반입되는 것을 막거나 개인이 이를 소유하는 것에 벌칙을 부과할 권한이 없음. RCMP는 특정물질을 캐나다로 수입하기 위한 요구사항은 캐나다 보건부의 관할이며, 이 사안에 대해 질의하여 보건부에서 집행할 것이라는 확인을 받았다고 언급했음."
1027,0.1466,0.147216796875,100.0,0.0005,표시광고,OOD,"영국 랭카셔 의회, 기절시키지 않고 도축한 할랄 육류 교내 제공 금지 가결 영국 랭카셔 주의회는 기절시키지 않고 도축한 할랄 육류를 학교에서 제공하는 것을 금지하기로 가결함. 의장은 동물을 도축하기 전 기절시키지 않는 행위는 '혐오'스럽고 '아주 잔혹'스럽다고 설명했음. 유대교 및 이슬람 집단의 추가 논의 요청은 거절되었음. 표결이 찬성 41, 반대 24, 기권 15로 가결됨에 따라 12월부터 랭카셔 주 내 학교에서는 기절시킨 후 도축한 할랄 쇠고기 및 양고기만 제공될 수 있음. *9월 18일 수집 정보 ""영국 랭카셔, 학교 급식 중 할랄 육류 공급 중단에 관한 표결 진행될 예정"" 참조"
1438,0.1466,0.147216796875,100.0,0.0005,표시광고,OOD,"영국, 10대 소녀 1명 버거 판매 식당에서 음식 섭취 후 사망.. 사인은 알레르기로 추정  영국의 한 10대 소녀가 맨체스터에 소재한 한 버거 판매 식당(상호명:Almost Famous Burgers)에서 음식을 섭취 한 후 사망했는데 사인은 식품 알레르기인 것으로 추정됨. 현재, 경찰은 식품기준청(FSA)과 함께 사망자가 식품 알레르기 반응을 일으켰는지 등에 대한 정황을 조사하고 있음. 'Almost Famous Burgers'는 리버풀과 리즈 지방에도 분점을 두고 있음.  식품기준청에 따르면 영국에서 매년 약 10명이 음식에 의한 과민증(아나필락시스)으로 사망하고 있음. "
893,0.1466,0.147216796875,100.0,0.0005,화학적 위해요소,OOD,"유럽소비자기구, 소비자 대상 설문조사 결과 식품 용기 및 주방 기구의 안전한 사용 관련 정보가 충분히 제공되지 않는 것으로 나타나 유럽소비자기구(BEUC)가 유럽 11개국에서 식품접촉물질 관련 소비자의 태도, 필요 및 우려에 대해 진행한 설문조사(*) 결과에 따르면, 소비자는 식품 용기 및 주방 기구의 안전한 사용에 대해 충분한 정보를 제공받지 못하는 것으로 나타남. 소비자들은 일반적으로 특정 식품포장재 및 용기가 식품으로 화학물질을 용출한다는 것을 인지하고 있으나, 설문조사 결과는 이러한 제품과 관련하여 소비자가 적절한 사용 및 안전 관련 지침 등 필요한 정보를 제공받지 못하고 있을 수 있다고 함. 이로 인해 식품포장재 및 용기에서 식품으로 용출되는 화학물질에 무심코 노출될 가능성이 더욱 커질 수 있음.   [주요 결과]- 40%의 소비자들은 어떤 식품포장재 및 용기가 사용하기에 안전한지 명확히 구분하지 못했으며, 다수의 응답자들은 식품포장재에 제공되는 정보가 이해불가능(26%)하거나 충분하지 않다(36%)고 응답함- 약 67%의 응답자들은 종종 식품 용기 및 주방 기구의 안전한 사용에 관한 지침이 부족한 것을 경험한다고 응답했으며, 소비자들은 이와 같은 제품을 의도된 대로 사용하지 못할 가능성이 있어 이로 인해 식품과 연관된 위험에 노출될 가능성을 높아질 수 있음-  대략 75%의 응답자들은 공식 유리잔 및 포크 마크('식품접촉에 적합' 마크)를 인지하고 있으나, 소수(29%)의 응답자만이 동 마크가 무엇을 의미하는지 알고있으며 다수는 오히려 동 마크를 예컨대 식기세척기에 적합하다는 마크로 연관지었음 - 50%의 응답자들은 때때로 닳거나 손상된 식품 용기 및 주방기구를 계속 사용하였음(이러한 제품은 오래되고 마모될 경우 화학물질 용출 위험이 높아짐)- 20%의 응답자들은 식품 관련 위험을 증가시킬 수 있는 목적으로 일회용 포장을 재사용하며, 여기에는 뜨거운 식음료를 보관하기 위해 단단한 플라스틱을 재사용하거나(19%) 뜨거운 식품을 테이크아웃 하기 위해 플라스틱 용기를 재사용 하는 것(23%)이 포함됨- 대략 60%의 응답자들은 시판 전 식품포장재 및 용기의 안전성을 검사하는 당국을 신뢰한다고 답했으나, 현실적으로 규제 당국은 이와 같은 안전성 검사를 진행하기에 큰 어려움을 겪고 있음- 80%의 소비자들은 식품포장재의 환경 영향에 대해 우려하며, 거의 90%의 응답자들이 환경에 미치는 영향을 예방하기 위한 엄격한 규칙을 지지한다고 답함 BEUC는 EU 법령이 모든 식품접촉물질이 안전할 것을 요구하지만, 대부분의 식품접촉물질에 있어 이러한 안전성 요건을 어떻게 충족해야 하는지 관련 상세 규칙은 존재하지 않는다고 설명함. 8,000개 이상의 화학물질이 식품포장물질 제조 및 처리에 사용되고 있기 때문에 안전성 관련 상세 규칙이 매우 중요하며, 이에 따라 재사용 등 예측가능한 모든 사용 조건 하에 모든 식품접촉물질의 안전성을 다루는 규칙이 필요함. 동 설문조사에 따라 정책입안자 대상 권고 사항은 다음과 같음.▷ 식품포장재 생산 및 소매 업체는 소비자가 항상 이해하기 용이한 지침을 제공하도록 요구▷ 재사용 등 예측가능한 모든 사용 조건 하에 포장재가 안전하도록 더 엄격한 규칙 마련▷ 기본적으로, 식품포장재에 암, 선천적 결함, 생식 장애를 유발할 수 있는 등 우려가 높은 화학물질의 사용 금지▷ 온라인 판매 및 수입제품을 포함하여 현장에서 변화를 가져올 수 있는 공식 통제를 위한 자원 증대  (*) 보고서 전문: https://www.beuc.eu/sites/default/files/publications/BEUC-X-2023-041_What_consumers_say_about_safe_and_sustainable_food_packaging_0.pdf"
1153,0.1467,0.147216796875,100.0,0.0005,안전위생,OOD,"[식중독]러시아, 변질된 사과주로 30명 사망 - 일자: 2023.6.6.- 지역: 러시아- 발생규모: 30명 사망- 발생 사유: 울리야놉스크(Ulyanovsk) 지역 보건부에 따르면 Mister Cider 브랜드의 사과주를 마신 뒤 20명이 사망했으며, 사마라(Samara), 니즈니노브로고드(Nizhny Novgorod), 우드무르트 공화국(Udmurtia) 당국은 총 10명이 사망했다고 보고함. 여러 지역에서 수십 명의 사람들이 이 사과주를 마신 뒤 아프다고 보고했음.- 기타: 당국은 과실 치사 혐의로 1명을 구금했으며 동 음료의 판매 중단을 명령했음. 지역 미디어에 따르면 해당 음료에는 치사량의 메탄올이 들어있었음."
1771,0.1467,0.147216796875,100.0,0.0005,화학적 위해요소,OOD,"미국 오하이오주, 식품으로의 유입 우려로 화장품에 마이크로비즈 사용 금지법안 상정 오하이오 상원의원은 ""세안제는 어류와 동침할 수 없다.""라고 언급함. 오하이오주 상원의원 미카엘 스킨델과 민주당원 레이크우드는 3월 31일(현지시간) 개인용품과 화장품에서 발견되는 작고 표면이 거친 이 입자가 이리호(Lake Erie)를 흘러 식품으로 섭취하는 어류와 물에 유해를 야기할 수 있다고 주장하며 마이크로비즈의 사용 금지 법안을 상정했음. 오하이오 주는 뉴욕, 캘리포니아에 이어 세 번째로 마이크로비즈의 사용금지 법안이 상정된 주임. 스킨델은 성명서에 이 법안을 발효시킴으로서 우리는 오하이오주의 명소를 오염으로부터 지켜낼 수 있다고 언급함. 마이크로비즈는 직경이 5 mm 이하인 입자로서 치약, 세안제 등과 같은 유사제품에 널리 사용되며 위스콘신 주립대 연구에 따르면 4.2 온스(ounce)의 세안제에 350,000개 이상의 마이크로비즈가 들어 있다고 함. 주요 화장품, 욕실용품 회사들은 그들의 제품에 마이크로비즈 함유량을 줄이겠다고 발표함. 비용상의 문제가 아직 명확하지는 않지만 바다 소금으로 마이크로비즈를 대체할 수도 있음. "
976,0.1467,0.147216796875,100.0,0.0005,안전위생,OOD,"인도, 포장생수의 화학물질 및 세균 오염 관련 단속 강화 인도 식품안전기준청(FSSAI)은 일부 포장생수 샘플에서 치명적인 화학물질 및 세균이 발견됨에 따라 적합한 인증 없이 포장생수를 판매하는 회사들에 대한 단속을 실시하겠다고 밝혔음.청의 CEO, Pawan Kumar Agarwal씨는 ""인도산업표준국(BIS)이 다수의 식품영업자들이 FSSAI/BIS 인증 마크가 없는 포장 생수를 제조 및 판매하고 있고, 허가 없이 이러한 제품을 판매하는 업체들이 급격하게 생겨났다는 불만 사항을 접수 한 것을 우리에게 알려왔다""고 전했음.BIS는 포장생수 및 포장 천연미네랄워터의 표준을 설정한 바 있음. 식품안전기준(판매 금지 및 제한)규정 2011에 따라 BIS 인증을 받아야 하며, 규정에 따르면 BIS 표준 마크 없이 천연 미네랄 워터 및 포장생수를 제조, 판매해서는 아니됨.무더운 여름이 다가옴에 따라 포장생수의 판매가 증가할 것으로 보임. 이에 당국은 미승인된 포장생수의 제조 및 판매에 대한 단속을 강화할 예정임.소비자청에 따르면, 작년 3월6일 기준으로 6513개의 허가받은 회사들이 인도에서 포장생수를 제조하고 있음. 전문가들은 도시 거주자들의 먹는 물 안전성에 대한 인식 향상과 여행자의 증가로 포장생수 시장이 커지고 있다고 말했음."
459,0.1467,0.147216796875,100.0,0.0005,신규 위해요소,OOD,"[회수] 영국 Mars Wrigley, 성분에 유전자변형생물 존재하여 엠엔엠즈 초콜릿 자진 회수  - 일자 : 2021.8.5- 지역 : 영국- 제품명 : 1) MMS Crispy 246g Pouch Slim 제품코드: 5000159520232, 배치코드: 125E2HAG03,125E3HAG03,125F1HAG03,125F2HAG03,125F3HAG03, best before: 23.01.20222) MM'S Crispy Pouch 107G 제품코드: 5000159520218, 배치코드: 125A1HAG03,125A2HAG03,125A3HAG03,125B1HAG03,125B2HAG03,125B3HAG03,125C1HAG03,125C2HAG03,125G3HAG03,126A1HAG03,126A2HAG03,126A3HAG03,126B1HAG03,126B2HAG03,126B3HAG03,126C1HAG03,126C2HAG03. best before: 23.01.2022, 30.01.20223) MM'S Crispy Bag 77G, 제품코드: 5000159500920, 배치코드: 125D2HAG03,125D3HAG03,125E1HAG03,125G1HAG03,125G2HAG03,127F2HAG03,127F3HAG03, best before: 23.01.2022, 06.02.20224) MM'S Crispy Sgl 36G, 제품코드: 5000159304245, 배치코드: 125G2HAG03, 125G3HAG03, best before: 23.01.2022- 회수사 : Mars Wrigley- 회수사유 : 공급업체가 생산하는 성분에 유전자변형생물(GMO)이 존재함- 제품사진 : 원문참조"
1256,0.1467,0.147216796875,100.0,0.0005,표시광고,OOD,"미국 천연자원 보호 협의회, 식품첨가물의 정보 공개에 대한 보고서 발표 미국 천연자원 보호 협의회는 식품 중 안전하지 않은 화학물질에 대해 소비자들을 보호하려는 정부의 노력이 애석하게도 부적절하고 미국 소비자들의 건강을 위험에 빠뜨릴 것이라고 전함. 협의회의 보고에 따르면 식품의약품청(FDA)의 최소한의 감시가 식품안전 보호 체계를 망쳐놓았다고 밝힘. 허점 투성이의 안전평가는 업체들이 FDA나 대중에게 어떠한 통보도 없이도 식품에 첨가되는 수백가지 화학물질을 간단히 안전하다고 공표토록 했음. 협의회의 보건과학자이자 이번 보고서의 공동저자인 탐 넬트너는 소비자들은 그들이 섭취하는 식품이 안전하기를 기대하지만 오늘날에는 유감스럽게도 정부기관과 식품 제조업체들의 안전에 대한 감시가 놀라울 정도로 미약해져있고 대중의 눈으로부터 이를 가리려고만 하기 때문에 식품 안전성을 보장할 수 없다고 전함. 또한 의회는 이러한 허점들을 시정해야만 하고 FDA는 기업의 이해마찰을 엄격하게 규제하고 업체가 화학물질에 대한 자체 안전성 승인을 취득할 때 FDA에게 이를 공개하도록 해야 한다고 밝힘. 여기에 소비자들은 그들이 주로 찾는 식료품점이나 선호하는 브랜드가 판매하는 식품의 성분이 정부의 식품안전 전문가로부터 안전하다고 간주되는 것인지를 요구해야만 한다고 조언함."
1627,0.1467,0.147216796875,100.0,0.0005,생물학적 위해요소,OOD,"미국 동식물검역국, 멕시코 소로나주 열진드기 청정지역 승인안 발표 미국 동식물검역국(APHIS)은 멕시코 소로나주를 열진드기 청정지역으로 승인할 것을 제안을 함.  당국은 미국의 통관 적격 요건으로 소로나에서 유래한 소와 그 밖의 반추류에 현재 적용되는 진드기 구충제 침지 처리 요건과 침지와 관련된 문서화요건의 면제 또한 마련함. 개정안은 더 이상 불필요하다고 간주되는 소노라산 소와 반추류의 수입에 관한 규제를 없애고 반추류 수입업자와 수출업자의 진드기 침지와 관련된 비용을 절감시킬 것임. 당국은 2014년 9월 15일까지 수렴된 의견을 고려할 것임."
1775,0.1467,0.147216796875,100.0,0.0005,안전위생,OOD,"[회수]호주 Merry Seasons, 질식 위험으로 곤약 젤리컵 회수 - 일자: 2018.11.18- 유통지역: 호주 빅토리아 주 'Merry Seasons' 매장- 제품명: Clever Mama Mini Jelly Cups with Lactic Acid 264g (판매일자: 2018.10.2 ~ 2018.11.1)- 회수사: Merry Seasons- 회수사유: (호주) 금지 원료 '곤약' 함유- 제품사진: 원문참조"
1945,0.1467,0.147216796875,100.0,0.0005,영양건강,OOD,"유럽이사회(보건), 알코올 관련 피해 감소 전략 채택 유럽 이사회(고용사회정책보건)는 12월 7일 개최된 제3434회 정례회의에서 알코올 관련 피해 감소에 관한 전략을 포함한 일련의 보건 관련 사안을 채택했음.  이사회는 집행위원회에 2016년까지 알코올 관련 피해 감소를 목적으로 한 포괄적 범EU전략을 채택하도록 했음. 동 전략을 통해 알코올의 유해한 사용의 보건, 사회, 경제적 결과에 제동을 걸어야 하며, 초국경적 차원의 구상에 초점을 맞춰야 한다고 전함. 이사회는 회원국 및 집행위원회에 '주류의 성분 및 영양 표시(특히 열량)의 의무적 라벨링' 도입을 고려할 것을 요청했음. "
100,0.1467,0.147216796875,100.0,0.0005,물리적 위해요소,OOD,"[E/R]미국 California Natural Products, 향과 맛이 변질된 단백질보충제 회수 -지역: 미국 FL, CO, VA, PA, NY. MI, TX, NC, AR, WI, AL, CA, OH, OR, LA, KY, UT, DE-제품명: equate High Performance Protein Shake: Chocolate, Naturally  Artificially Flavored, ready to drink; 11 FL OZ (325 mL),12 포장 케이스 단위로 판매 Case UPC: 6 81131 01580 6, Lot L180980D, Lot L180990D: 03/01/2019 및 04/01/2019-유통사: Wal-Mart, Inc. -회수사: California Natural Products (회수중, 회수일 7/20/2018)-회수사유: 향과 맛 변질 보고에 따라 두 개 로트 회수"
1473,0.1467,0.147216796875,100.0,0.0005,화학적 위해요소,OOD,"[E/R]미국 Gourmet International Inc., 뚜껑 새는 현상 다수 접수된 주스음료 회수(터키 수입) -지역: 미국 IL MI WI CA MN OH WA VA-회수사: Gourmet International Inc. (회수중, 회수일 7/5/2018)-회수사유: 뚜껑 샘 현상 신고 다수 발생-제품명: 터키 수입제품1) SPARKLING GRAPEFRUIT JUICE DRINK, 6/34 oz., 코드/일자 914512 전체, UPC 1-91414-00512-22) SPARKLING LEMON JUICE DRINK , 6 /34 oz., 코드/일자 914513 전체, UPC 1-91414-00513-9  3) SPARKLING LIME JUICE DRINK, 6/34 oz, 코드/일자 914514 전체, UPC 1-91414-00514-64) SPARKLING MANDARIN JUICE DRINK, 6/34 oz., 코드/일자 914515 전체, UPC 1-91414-00515-35) SPARKLING POMEGRANETE JUICE DRNK, 6/34 oz., 코드/일자 914516 전체, UPC 1-91414-00516-06) SPARKLING SOUR CHERRY JUICE DRINK, 6/34 oz., 코드/일자 914517 전체, UPC 1-91414-00517-7"
1889,0.1469,0.147216796875,100.0,0.0005,물리적 위해요소,OOD,"[E/R]미국 Mountain Meadow Herbs, Inc., 병의 압력으로 인한 부상 위험으로 식이보충제 회수 -지역: 미국 IN, KY, MN, MO, MT, NE, NY, OH, PA, TN, VA, WI 및 캐나다 온타리오-제품명: Mountain Meadow Herbs Brand Candida Flush Endotoxin Cleans3, 캡슐 당 500 mg. 240 정. UPC 8 13086 01593 2. 동 제품은 'Total Yeast Detox Package'의 일부로 판매되었을 수 있으며 이와 별도로 판매되었을 수 있음. (***Exp 12/22. Expiration Date: 12/20200 ***Lot #0120011Q.)-회수사: Mountain Meadow Herbs, Inc. (회수중, 회수일: 11/16/2021)-회수사유: 시간이 지남에 따라 병에 압력이 가해질 수 있음. 소비자가 제품을 개봉할 때, 뚜껑, 캡슐 및 제품 분말이 강제로 배출될 수 있으며 소비자는 손과 눈에 부상을 입을 수 있음."
1653,0.1469,0.147216796875,100.0,0.0005,영양건강,OOD,"미국 피자헛 및 타코벨, 인공 색소와 착향료 사용 거부  얌 브랜드(Yum Brands Inc)(사)의 전미 최대 외식업체 체인인 타코벨과 피자헛이 소비자들이 건강한 음식이라고 인식할 수 있도록 음식에서 인공 색소와 착향료를 사용하지 않을 것이라고 전했음.  타코벨은 26일(현지시간), 올해 말까지 음식 속 트랜스지방을 천연 대체물로 변경하는 것처럼 인공 착향료와 색소, 일부 첨가물을 대체할 계획이라고 밝혔음. 이 멕시코 음식 체인점은 가능하다면 2017년 말까지 첨가물과 인공 보존료의 사용을 추가적으로 중단해나갈 것이라고 말했음.  피자헛은 7월까지 미국 점포의 피자에 인공 착향료와 색소를 사용하지 않을 것이라고 밝혔음.  외식업체 체인점들과 식품 업계는 인공 색소와 착향료가 건강에 문제를 일으킬 수 있다는 우려가 증폭되면서 가공 수준을 낮추라는 압박을 받고 있음.  크래프트(사)는 앞서 4월, 자사의 유명 맥치즈 제품에 합성 색소와 보존료를 사용하지 않겠다고 밝힌 바 있으며, 미국 네슬레(사) 또한 2월, 2015년 말까지 250여 개 제품에 대해 인공 착향료와 색소를 빼겠다고 발표했었음. "
675,0.1469,0.147216796875,100.0,0.0005,안전위생,OOD,"호주 연방의료제품청, 호주에서 비타민은 어떻게 규제되나요?(블로그) 호주 연방의료제품청(TGA)은 식이보충제, 비타민을 규제하는 방법과 제품 라벨의 AUST 번호가 의미하는 비타민에 대한 철저한 검토에 대해 안내함. [TGA의 규제방법]- TGA는 호주에서 의약품 및 기타 치료제품을 규제하며, 호주에서 합법적으로 제품이 공급되기 전에 안전성, 품질 및 효능에 대하여 고위험 의약품을 평가함.- TGA는 사전 승인된 저위험 원료 및 사전 승인된 저위험 또는 경미한 건강상태에 대하여 이런 의약품을 제한하고 품질 제조를 요구함으로써 저위험 의약품의 안전성과 품질을 규제함.- 의약품의 상업적 후원자는 제품이 작용하는 증거를 보유해야 하며, 제품의 공식적인 준수 검토를 수행하는 경우 해당 증거를 TGA에 제공해야 함.- TGA의 접근 방식은 저위험 의약품 승인 비용을 줄임.- 비타민과 복용량에 따라, 비타민은 처방의약품 또는 보충의약품으로 규제됨. 대부분의 비타민은 저위험 보충의약품의 범주에 속하며, 이는 TGA 규제가 제품의 안전성과 품질만을 규제하는 것을 뜻함. [비타민이 호주에서 합법적으로 공급되기 전에 충족해야 하는 특정 기준]보충적인 비타민과 기타 저위험 의약품의 TGA의 사전 시판 평가에는 특정 기준을 충족하는 제품이 포함됨.- 제품은 오직 TGA가 이미 안전성과 품질을 평가한 사전 승인 목록의 성분만 포함해야 함.- 제품의 상업적 후원자는 사전승인된 목록에서 선택해야 하며, 이러한 사용은 경미한 건강 문제에만 관련될 수 있음. 제품은 심각하고 생명을 위협하는 조건에 대해 주장을 할 수 없음.- 제품은 품질 기준을 충족하는 인증된 시설에서 제조해야 함.- 제품의 스폰서는 제품이 주장하는 대로 작용한다는 증거를 보유해야 함. [AUST 번호의 의미]TGA가 승인한 모든 의약품에는 'AUST R' 번호 또는 'AUST L' 번호가 라벨에 포함됨.  - AUST R: TGA가 안전성, 품질 및 효능을 평가한 등록의약품- AUST L: TGA가 안전성 및 품질만을 규제하며, 대부분의 비타민 제품과 같은 저위험 등재의약품  해당 번호를 표시하지 않은 의약품은 호주에서 판매 승인을 받지 못하며, 특히 온라인으로 판매되는 목록에 있지 않고 잠재적으로 위험한 원료를 함유했을 수 있는 제품에 대해 우려함. * 기타 상세 내용은 원문 참조"
295,0.1469,0.147216796875,100.0,0.0005,안전위생,OOD,"미국 컨슈머리포트, 'BlendJet 2'에 대한 추가 사고 보고로 소비자에 사용 경고 및 규제기관의 조치 촉구 * 기수집정보1) 미국 컨슈머리포트, 휴대용 블렌더 'BlendJet 2'에 대한 안전성 우려 제기...소비자제품안전위원회에 조사 촉구(수집일자: 2023-06-29)2) 미국 컨슈머리포트, 파손 및 파손 조각 섭취 우려 등으로 휴대용 블렌더 'BlendJet 2' 사용 주의 권고(수집일자: 2023-08-21) 미국 컨슈머리포트(CR)는 소비자제품안전위원회(CPSC)가 최근 발표한 몇 가지 추가 사고 보고서에 따라, 휴대용 블렌더 ‘BlendJet 2’ 사용 시 심각한 부상의 위험성에 대해 소비자에 경고하고 있음. CR은 CPSC에 BlendJet 2의 위험성을 조사하고 대중을 보호하기 위해 필요한 모든 조치를 취하도록 촉구하는 서한을 발송했음. 컨슈머리포트는 CPSC의 SaferProducts.gov 웹사이트에 접수된 12건의 민원과 자체 테스트에서 해당 블렌더가 위험을 초래할 수 있음을 지적하면서, 2023년 여름에 처음으로 CPSC와 BlendJet에 안전상 우려를 제기하였음. 당시 CPSC는 해당 블렌더와 관련하여 보고된 사건을 알고 있지만 조사나 집행에 대해서는 언급할 수 없다고 답했음. 2023년 8월 이후 3건의 부상을 포함해 8건의 새로운 민원이 CPSC에 보고되었음. 가장 최근의 민원은 CR이 이번 여름에 조치를 취하게 된 민원과 유사함. 여기에는 녹거나 연기가 난 것으로 알려진 충전 코드와 불이 붙은 것으로 알려진 블렌더의 리튬 이온 배터리 사례가 포함됨. 이전 민원 중 세 건은 사용 중에 블렌더 칼날이 부러졌다고 보고됨. 두 건은 블렌더가 뚜껑이 열린 채로 작동한다고 보고했는데, 이는 어린이에게 위험하다고 언급했음. CR의 안전 전문가들은 BlendJet이 고객에게 정보를 제공하고 고객을 보호하기 위해 더 많은 조치를 취할 것을 촉구하고 있음."
1048,0.1469,0.147216796875,100.0,0.0005,화학적 위해요소,OOD,"미국 농무부, ""Closer to Zero"" 이니셔티브를 위해 식품의약품청과 협력하고 있어 * 기수집 정보 : 미국 식품의약품청, 영유아가 섭취하는 식품으로부터의 독성 물질 노출 감소를 위한 조치 계획 ""Closer to Zero"" 발표(수집일자: 2021-04-09) 미국 농무부(USDA)는 ""Closer to Zero(C2Z)"" 이니셔티브를 위해 식품의약품청(FDA)과 협력하고 있음. C2Z는 식품 중에서도 특히 가장 취약한 계층인 영유아와 어린이가 섭취하는 식품의 중금속 함량을 줄이기 위해 반드시 해야 하는 업무에 대한 중요한 프레임워크를 제공함. - 농업연구서비스(Agricultural Research Service)는 식물이 토양에서 중금속을 흡수하는 방법의 모든 측면을 연구하여, 식품의 중금속을 최대한 저감하는 방법을 찾을 수 있음.- 국립식량농업연구소(National Institute for Food and Agriculture)의 파트너와 이해관계자 네트워크는 임산부 및/또는 수유여성, 영유아 및 어린이의 식품 중 독성 물질에 대한 노출을 줄일 수 있는 방법에 대한 커뮤니케이션을 개발하고 공유하는데 협력할 계획임.- 식품안전검사국(FSIS)은 식품의 금속 오염 평가를 위한 필수적인 감독을 제공함. FSIS는 식품에서 우려되는 물질이 높은 수준으로 검출되면 USDA 및 FDA 사무소에 통지하는 중요한 연결고리 역할을 함.- 식품영양서비스(FNS)는 소비자가 삶의 모든 단계에서 중요한, 건강한 식이패턴을 따르도록 권장함. FNS는 FDA 파트너와 협력하여 USDA 영양지원프로그램 정책, 지침, 교육이 현행 식품안전규정 및 지침을 따르고 있음을 보장함."
2048,0.1469,0.147216796875,100.0,0.0005,화학적 위해요소,OOD,"[회수]호주 Bloom and Grow Australia Pty Ltd, 제품 파손으로 인한 질식 가능성으로 유아용 수저 회수 - 일시: 2020.10.28.- 회수사: Bloom and Grow Australia Pty Ltd- 유통지역: 호주전역, 온라인- 판매시기: 2019년 10월 14일~2020년 10월 15일- 제품명: Herobility브랜드 유아용 수저(Herobility infant cutlery)임 Eco Feeding Spoon(Eco Placemat Feeding Set에도 있음)Eco Baby Spoon and Fork(회수 대상 제품에는 일자 각인이 없거나 2019 또는 그 이전 일자 각인이 있을 수 있음; SKU: HEC-BYSETBE0201, HEC-BYSETMG0201, HEC-BYSETPK0201, HEC-FSBE0301, HEC-FSMG0301, HEC-FSPK0301, HEC-TRBE0301, HEC-TRMG0301, HEC-TRPK0301, HPACK-TW-BE001, HPACK-TW-MG001, HPACK-TW-PK001- 회수사유: 제품이 작은 조각으로 파손되어 질식을 일으킬 수 있음- 제품사진: 원문참고- 기타: https://www.productsafety.gov.au/system/files/recall/Recall%20advertisement_1417.pdf"
978,0.1469,0.147216796875,100.0,0.0005,물리적 위해요소,OOD,"[회수]영국 Nestlé UK, 실리카겔 혼입 가능성으로 'AERO' 코코아 음료 자진회수 - 일자: 2022.12.1- 제품명: 배치코드 및 품질유지기한 전량1) Aero Hot Choc 288g2) AERO ‘Hot Choc’ sachets 24g3) AERO GO Instant ‘Hot Choc’ 28g- 회수사: Nestlé UK- 회수사유: 식품등급 실리카겔 혼입 가능성- 제품사진: https://s3-eu-west-1.amazonaws.com/fsa-alerts-files/production/FSA-PRIN-61-2022/Customer-notice-Nestl%C3%A9-UK-Ireland-AERO-Hot-Chocolate-products.pdf"
883,0.1469,0.147216796875,100.0,0.0005,화학적 위해요소,OOD,"월마트, 납품업체에 동물복지 및 항생제 사용 지침 강화 요구  월마트가 식품 납품업체를 상대로, 동물복지와 항생제 사용에 대한 지침을 강화해 소비자들에게 식품이 어디서 오는지 보다 투명하게 알려야 한다고 촉구했음.  월마트는 22일(현지시간), 소매업계에서는 최초로 공급망에 있는 동물들을 치료하는 것에 대해 공식 입장을 표명했음. 전미 최대 식료품 업체인 월마트가 움직이면서, 업계 전반으로 동물복지에 대한 감시와 인식을 불러일으킬 것으로 보임.  지침에서는 의학적으로 필요한 경우가 아니고서는 항생제를 사용하지 않고, 동물들이 돌아다닐 수 있는 공간을 늘리면서, 거세나 도축 절차에서의 통증관리기법을 확실히 해줄 것을 요구하고 있음. 납품업체는 또한 월마트와 대중에게 매년 항생제 사용과 동물복지를 보고토록 되어있음. 이는 신선 및 냉동 고기, 유제품, 알류, 델리류에 적용됨. "
541,0.1469,0.147216796875,100.0,0.0005,화학적 위해요소,OOD,"독일, 변조된 탄산음료 마신 여성 2명 응급치료...피해자는 총 3명 지난 3, 4월, 독일 뮌헨의 서쪽에 위치한 두 곳의 소매점 체인에서 네 건의 탄산음료 변조 사건이 발생함. 이를 섭취한 두 명의 여성은 긴급하게 응급치료를 받아야 했음. 아직 신원이 밝혀지지 않은 용의자는 탄산음료 병에 치사량의 독성 물질을 주입하였으며, 변조된 음료는 매장 선반에 진열되었음.  세 건의 사례에서 피해자들은 음료를 구매하고 소량으로 섭취하였음. 피해자들(34세 여성, 42세 여성 및 48세 남성)은 모두 뮌헨 출신으로 음료를 섭취하고 난 후 어지러움, 메스꺼움, 혈액 순환 문제를 호소하였음. 네 번째 사례는 음료가 판매되기 전 변조된 사실이 발견되었음. 경찰은 아직까지 용의자의 범행 동기가 밝혀지지 않았으며, 용의자로부터 현재까지 어떠한 요구도 없었다고 밝힘. 한편, 음료에 주입된 물질을 확인되었으나 이에 대해서는 아직 공개되지 않았음. 독일 당국은 다음의 사항을 당부함.> 스크류 탑(screw-top) 마개의 음료를 구입할 때에는 고리에 유의할 것> 몇몇 사례에서는 불순물이 눈에 보이는 경우가 있을 수 있음> 음료의 변조가 의심된다면, 이를 처분하지 말고 즉시 경찰에 신고할 것 피해자들은 변조된 음료를 개봉했을 시 특정한 냄새가 났으며, 섭취시에도 더 쓰고 인공 화학물이 첨가된 맛이 났다고 서술함. 경찰 관계자는 관련한 수사가 진행 중에 있다고 밝혔으며, 3월 이후 변조 음료 사건을 목격한 사람의 제보를 호소하였음."
839,0.1469,0.147216796875,100.0,0.0005,안전위생,OOD,"유럽식품안전청, 플라스틱 식품접촉물에 사용되는 물질 신청 준비를 위한 행정 지침 게재 유럽식품안전청(EFSA)이 플라스틱 식품접촉물에 사용되는 물질 신청 준비를 위한 행정 지침을 게재하였음. 동 문서는 EFSA에 의해 평가되는 플라스틱 물질 및 식품과 접촉하도록 의도된 제품에 관한 신청서를 제출하는 신청자에게 지침을 제공하기 위한 목적으로 고안되었음. 전반적으로 새로운 승인 신청서를 제출하거나 플라스틱 식품접촉물에 사용되는 물질의 기존 승인 변경을 지원하기 위해 2021년 3월 27일까지 회원국의 관할 당국에 제출된 신청서 서류 준비 및 온라인 제출에 대한 행정적 요구 사항을 설명하고 있다고 함. 투명성 규정(transparency regulation)으로 신청서 제출 전 단계 및 신청 절차와 관련한 새로운 조항을 도입함으로써 일반 식품법을 개정한 바 있음. 일반적인 신청서 제출 전(Pre-submission) 단계를 지원하기 위한 조언, 신청을 지원하기 위해 의뢰 또는 수행된 연구 관련 정보 통지, 신청 및 관련된 기밀성 의사 결정(confidentiality decision making) 과정을 지원하기 위해 제출된 모든 정보의 기밀 버전, 제출된 신청서에 대한 공개 협의 같은 요구사항이 EFSA에서 규정한 실용적 방식을 기반으로 동 문서에 반영되었다고 함. 동 문서는 플라스틱 물질 및 식품과 접촉하도록 의도된 제품에 대한 신청을 처리하기 위한 절차 및 관련 타임라인, EFSA와 교류할 수 있는 다양한 가능성 및 신청서 준비(제출 전 단계)에서 EFSA의 과학적 의견 채택 및 발표에 이르기까지의 계획에 대한 설명으로 구성됨."
13,0.1469,0.147216796875,100.0,0.0005,생물학적 위해요소,OOD,"[회수]캐나다 Ka Wing Hong, 아코니틴 오염으로 고량강 가루 제품 회수 * 관련 기수집 정보- 캐나다 보건부, 토론토 식당에서 12명을 중독시킨 것으로 의심되는 향신료 제품 추적하고 있어(수집일자: 2022-08-31)- 캐나다 요크 보건부, 식당에서의 중독 발생 관련 고량강(Keampferia Galanga) 가루 제품 폐기 권고(수집일자: 2022-09-02) -발표일자 : 2022.9.2 (최신 업데이트 일자: 2022.9.1)-지역 : 캐나다 Alberta, British Columbia, Ontario, Quebec 등-제품 : 브랜드 ; 제품; 사이즈 ; UPC ; 코드Mr. Right ; Keampferia Galanga Powder (제품코드 AT154) ; 454 g ; 69 892102 8038 ; CAAJ13-회수사 : Ka Wing Hong-회수사유 : 아코니틴(aconitine) 오염. 독소인 아코니틴은 독성이 있는 식물인 몽크스후드(Monkshood; Wolfsbane 또는 Keampfeira으로 알려짐)의 구근에서 나옴-제품사진 : 원문 참조-기타: 동 회수는 업체에 의해 시작됨. 동 제품 섭취와 관련된 질병 보고 있음."
1378,0.1469,0.147216796875,100.0,0.0005,영양건강,OOD,"노르웨이, 시험 결과 맥주 중 알콜 고함량 노르웨이 양조음료협회가 다수의 식료품점에서 법정 맥주 알코올 함량 4.7%보다 높은 도수의 자국 소규모 양조장 맥주를 적발했음. 138개의 각기 다른 맥주를 대상으로 한 시험에서, 전체의 60%가 알코올 함량이 '지나치게 셈'으로 나타났으며, 이 중 일부는 7%가 넘는 제품도 있었음. "
391,0.1469,0.147216796875,100.0,0.0005,화학적 위해요소,OOD,"미국 캘리포니아 지방법원, 독성 비료  DNP를 다이어트 약으로 판매한 남성에게 징역 3년 선고 캘리포니아에서 36세 남성 스콧 에드워드 카벨(Scott Edward Cavell)이 비식용 물질을 식용 약으로 판매하여 징역 3년을 선고받았음. 카벨은 2015년에서 2017년 사이 2,4-다이나이트로페놀(이하 DNP)을 ""지방 연소""와 체중 감량용 식이보충제로 판매하였음. DNP는 미국 식품의약품청(FDA)이 식용으로 승인하지 않은 물질로, 카벨은 이 사실을 인지하고 있었음. 카벨은 이러한 DNP를 알약 형태로 만들어 이름만 '비료'로 명칭하여 판매하였음. 비료로 명칭할 경우, 다른 조건에서는 합법적으로 판매 가능함. 카벨은 해당 알약을 식이보충제로 판매한 웹사이트들 관리했다고 인정하였음. 당국의 감시를 피하기 위해 같은 제품을 비료도매 사이트에 올리기도 하였음. 법원에 따르면 카벨은 이를 통해 최소한 763,000달러를 벌어들인 것으로 나타났음. DNP는 공업용 염료나 목재의 방부제, 비료 또는 살충제로 쓰이는 물질임. 미국 식품의약품청은 DNP의 독성이 너무 강하여 어떠한 경우라도 식용으로 사용할 수 없다고 밝혔음."
30,0.147,0.147216796875,100.0,0.0005,안전위생,OOD,"미국 FDA, 아카시아 리지둘라 함유 보충제 판매업체에 경고장 발부 최근 미 식품의약품청(FDA)이 발부한 한 경고장(*)에 따르면, 아카시아 리지둘라(acacia rigidula) 함유 제품이 시중에서 계속 적발되고 있음. 청은 최근 뉴저지주 소재의 'Natural Generation Nutrition(사)'에 통보 기록이 보관되어 있지 않는 신규식이원료를 함유한 제품을 판매했다고 밝힘. 아카시아 리지둘라의 추출물은 체중 관리제품과 운동전 섭취제품에서 볼 수 있음. 아카시아 리지둘라 함유 보충제에 대한 관심은 수년전으로 거슬러 올라감. 이 식물은 BMPEA의 천연 공급원으로 지목되어 왔지만 2014년, FDA 과학자들이 발표한 한 연구에서 다음과 같이 결론지었음. ""아카시아 리지둘라 원료에 PEA가 자연적으로 풍부하지 않다는 점을 감안하면, 아카시아 리지둘라 추출물 또는 그 원료를 조제해 만든 식이보충제에서 볼 수 있는 [BM]PEA의 양을 만들어내기는 거의 불가능한 것으로 보인다. 분석한 21개 식이보충제 중 9개에서 [BM]PEA가 963-60,500 mg/g으로 확인되었으며, 사람에게 미치는 [BM]PEA의 생물학적 효과에 관한 안전성 자료는 없었다."" 상기 연구는 아카시아 리지둘라를 원료로 표시된 21개 식이보충제 중 11개에서 BMPEA가 확인되었고, 나머지는 BMPEA 함량 검출이 불가능했다는 한 연구에 이어 발표되었음. FDA의 경고장에는 BMPEA(beta-methylphenylethylamine)에 대한 언급은 없고, 아카시아 리지둘라만 전적으로 주목하고 있음. 청은 함유 원료가 질병이나 상해 리스크를 보이지 않는다는 합리성 있는 보증을 제공할 정보가 적합하지 않은 신규식이원료를 함유하고 있기 때문에 업체의 판매제품은 변질되었다고 밝힘. (*)https://www.fda.gov/ICECI/EnforcementActions/WarningLetters/2017/ucm545775.htm"
2027,0.147,0.147216796875,100.0,0.0005,영양건강,OOD,"유럽스포츠영양전문가연합(ESSNA), '스포츠 음료'와 '에너지 음료'는 분명히 구별되어야 해 유럽스포츠영양전문가연합(ESSNA)은 운동선수의 능력을 향상시키기 위해 고안된 '스포츠 음료'와 카페인이 다량 포함된 '에너지 음료'는 분명히 구별되어야 한다고 주장함. 연합 측은 이에 대한 일반적인 오해를 바로잡고 싶다고 전하며, 에너지 음료는 다량의 카페인이 포함되어 있고 운동선수를 위해 고안되거나 판매되는 것이 아닌 반면, 스포츠 음료는 운동선수를 위해 고안 및 판매되는 것으로 카페인 함량이 적다고 강조했음.  카페인이 다량 함유된 에너지 음료는 어린이 및 청소년의 잠재적인 건강 문제와 관련이 있음. 특히, 이로 인해 일부 어린이들은 커피를 마시는 것보다 더 많은 양의 카페인을 섭취하고 있다고 함.  반면, 대부분의 스포츠 음료는 유럽식품안전청(EFSA)이 제시한 안전 수준인 200 mg 미만의 카페인을 함유하고 있으며 이는 카페인에 대한 안전성과 유익성에 관한 근거가 뒷받침되는 수준임. 연합은 스포츠 음료와 에너지음료는 그 구성, 용도, 대상이 완전히 다르다고 강조하며 두 단어를 혼용해서는 안된다고 전함."
291,0.147,0.147216796875,100.0,0.0005,화학적 위해요소,OOD,"미국 순회항소법원, 바이엘(사)의 Roundup 제초제 관련 두 번째 항소 기각 2021년 5월 14일 금요일 샌프란시스코에 있는 미국 순회항소법원(U.S. Circuit Court of Appeals)은 바이엘(사)(Bayer)가 제기한 두 번째 항소를 기각하였음. 동 결정은 바이엘(사)의 Roundup 제초제 제품이 한 캘리포니아 주민의 비호지킨 림프종(non-Hodgkin lymphoma)을 유발하여 2,500만 달러를 배상하게 한 판결에 대한 지지임. 바이엘(사)는 동 결정에 실망하였으며 미 대법원에 항소할 수도 있을 것이라고 밝혔음. 동 소송의 원고인 Edwin Hardeman은 샌프란시스코에서 북쪽으로 약 100km 떨어진 Sonoma 카운티의 넓은 부지에서 Roundup 제품을 수 년간 사용했다고 증언했음. Hardeman은 미국의 다른 원고들과 마찬가지로, 제품에 대한 노출이 비호지킨 림프종을 일으켰다고 주장하였음. 배심원은 Hardeman에게 8,000만 달러 이상의 배상금을 판결했지만 후에 재판부는 2,500만 달러로 삭감하였음. 동 결정에서 항소 법원 배심원단은 2,500만 달러의 배상을 확인했음. Hardeman의 소송은 바이엘(사)가 2018년과 2019년에 패소한 세 번의 Roundup 관련 재판 중 두 번째 재판으로, 원고 당 5,000만 달러의 평균 배상금은 바이엘(사)의 주식을 하락세로 만들었음. 다른 두 사건은 캘리포니아 주 법원에서 재판을 받았음. 바이엘(사)는 첫 번째 항소에서 패소했지만 배상금을 줄였으며, 세 번째 판결에 항소중임. "
184,0.147,0.147216796875,100.0,0.0005,안전위생,OOD,"[회수]영국, 음료수병과 유사한 포장으로 식품용 아세트산 회수 - 일자: 2022.12.09.- 제품명: Actas Food Grade Acetic Acid 70%, 330ml - 회수사유: 음료수병과 유사한 제품으로 소비자 또는 어린이를 오도할 수 있음.- 제품사진: 원문참조- 기타: 영국 제품안전기준사무국 공지( https://assets.publishing.service.gov.uk/media/6387292fe90e07789feb3971/2211-0126-product-recall-acetic-acid.pdf )에 따르면 리투아니아가 원산인 제품임."
820,0.147,0.147216796875,100.0,0.0005,화학적 위해요소,OOD,"[회수]영국 Holle Baby Food GmbH Serviceburo, 유기농 유아식 회수  - 일시: 2014.12.12- 제품명: 1) Holle Organic Millet Porridge Apple-Pear (250g);  2) Holle Organic Millet Porridge with Rice (250g); 3) Holle Organic Milk Porridge Millet (250g); 4) Holle Organic Holle Organic 3-Grain Porridge (250g); 5) Millet and Rice Whole Wheat Porridge (Lebenswert bio Hirse  Reis Vollkornbrei)- 회수사: Holle Baby Food GmbH Serviceburo - 회수사유: 아트로핀(atropine), 스코폴라민(scopolamine) 검출- 기타: 영국 식품기준청(FSA)은 해당 제품이 영국으로 유통된 경위를 조사 중이며, 식품 영업자들에게 판매 회수를 요청 중임. "
242,0.147,0.147216796875,100.0,0.0005,안전위생,OOD,"호주 연방의료제품청, 쑥 성분 함유으로 'Paracea Forte Tablets (60)' 회수 * 제품 사진에서 AUST L(등재 의약품 등록번호) 확인 참고: https://www.australianvitamins.com/product/bioceuticals-paracea-forte - 일자: 2021.02.11- 제품명 및 설명> 제품명: Paracea Forte Tablets (60)> Batch Number: 191945, 192439, 200106, 201215> ARTG(등록번호): 290659- 회수사(Responsible Entity(**)): FIT-BioCeuticals Limited** 회수 조치의 책임이 있는 스폰서/공급자/수입자를 나타냄- 회수사유: 의료제품청(TGA)가 쑥(Artemisia) 성분의 안전성 검토에 착수하였으며, 임신 중이거나 임신 할 수 있는 소비자가 쑥(Artemisia) 종을 함유한 등재의약품(listed medicines)을 소비할 경우 위험이 초래될 수 있다는 의견을 밝혔음.이에, TGA는 쑥 성분이 함유된 의약품을 임신 중이거나 임신 가능성이 있다고 생각하거나 임신하려는 사람이 섭취해서는 안된다고 권고함.  "
623,0.147,0.147216796875,100.0,0.0005,안전위생,OOD,"[E/R]미국 Tippins, 제품이 상했다는 소비자 불만 접수로 그레이비 제품 회수 -지역: 미국 캔자스시티 지역 식료품에 배송하기 위해 캔자스 지역 유통업체에 배송되었음.-제품명: Tippin's Country Gravy, Net Wt 16 OZ, Tippin's Gourmet Pies LLC, Kansas City, KS UPC 6 80816 12023 1. 플라스틱 컵 포장(Lot# 020821 Best By 03/29/21)-회수사: Tippins (회수종료, 회수일: 3/10/2021)-회수사유: 동 업체는 냉장 그레이비 제품이 이르게 상했다는(premature spoilage) 소비자 불만을 접수하였음."
172,0.147,0.147216796875,100.0,0.0005,화학적 위해요소,OOD,"유럽집행위원회, 절인 육류제품에서 아질산염 사용 줄일 수도  가공육 생산업체들은 유럽집행위원회가 햄과 같은 절임육의 보존료로 아질산염(nitrites)의 최대 허용량(maximum level)을 낮출 수 있다는 점을 우려하고 있음. 이는 유럽 전역의 식육제품 중 아질산염의 필요성에 관한 자료를 수집하기 위해 유럽집행위가 실시한 연구에 따른 것임. 집행위는 유해 세균의 성장을 예방하기 위한 아질산염의 최대 허용량을 검토할 가능성이 있다고 결론내렸음. 집행위의 연구보고에서는 다른 식품위생 고려요인들과 조합되어 사용할 경우 아질산염 첨가 범위 '80~100 mg/kg'가 대다수 제품에 안전할 것이라고 제안했음. 그러나 미생물학적인 측면에서 아질산염의 안전성은 여러가지 요인에 의해 결정되기 때문에 모든 경우에 모든 제품에 적용되는 결론이라 단정짓기에는 무리가 있다고 강조했음. 몇몇 육류 공급업체들은 유럽연합이 가공육 부문에서 아질산염과 나트륨 사용량을 많이 줄였음에도 불구하고 여전히 EU는 아질산염을 줄이기 위한 조치들을 충분히 취하지 않았다는 입장임. 아질산염은 몇 가지 형태의 암과 연관성을 가져왔음. 한편 영국의 절임육 공급업자들은 아질산염을 100 mg/kg으로 줄인다면 식품 위험성 문제가 발생하거나 저장수명(shelf-life) 감소로 이어질 수 있다고 우려했음. "
1208,0.147,0.147216796875,100.0,0.0005,안전위생,OOD,"미국, 에너지 음료 과소비 26세 남성 심장마비 진단 받아 미국에서 매일 에너지 음료를 수 병씩 마신 26세 남성이 심장 마비 진단을 받은 사실이 밝혀짐.  텍사스 공학 대학 건강과학센터 응급의학 케이스 리포트(*)에 따르면, 2년 간의 흡연 이외에는 특별한 병력 사항이 없음에도 불구하고, 이 남성은 심장과 왼팔의 통증을 호소하며 응급실에 방문함. 의사들은 그의 심박수, 혈압, 산소 수치 모두 정상치를 보였다고 함. 하지만, 심장 도관 삽입을 통해 몇몇 이상 현상과 더불어 동맥 하나가 완전히 막혀 있는 것을 발견함. 26세 남성은 매일 하루 8개에서 10개 정도의 에너지 음료를 마셔온 것을 고백함. 남성은 혈액 순환을 위해 동맥에 스텐트를 주입하였고, 이틀 후 병원에서 퇴원함. 해당 사건 관계인은 남성의 과도한 에너지 음료 섭취가 혈액 응고를 일으켰으며, 이는 심장 마비로 이어졌다고 함. (*) https://www.hindawi.com/journals/criem/2015/537689/"
317,0.147,0.147216796875,100.0,0.0005,안전위생,OOD,"유럽 언론, EU 내 유기농식품 인정요건 및 구매 방법 등에 대해 설명해  유럽 언론 유로뉴스(Euronews)는 EU에서 유기농식품 판매는 최근 10년 동안 2배 이상 증가했지만 여전히 '유기농(Bio)'이 무엇을 뜻하는지 제대로 알지 못하는 사람들이 많다며, 유기농식품으로 인정받기 위한 요건 등에 대해 다음과 같이 보도했음. 유기농식품으로 인정받기 위한 요건 -No 합성 비료 : 유기농 식품은 퇴비 등의 천연비료를 사용해 생산되어야 함. 질소, 인, 포타슘 등이 함유된 합성비료는 주로 일반적인 농업 방식에서 사용됨. -No 합성 농약 : 유기농법으로 작물 재배 시 식물, 동물, 미생물, 미네랄로 만든 천연 농약만 사용할 수 있음. 과학위원회가 환경에 미치는 영향에 대한 평가를 한 후 천연농약 사용을 허가함.  또한 유기농법에서는 토양의 질병 전염 방지를 위해 윤작이 이뤄지며, 진드기 퇴치를 위해서 무당벌레 등이 이용되기도 함.-No 유전자변형 식품 : 유기농 식품 인증을 받기 위해선 유전자변형 작물 유래 물질을 함유하고 있지 않아야 함. 유기농 육류 및 다른 사육제품도 마찬가지이며, 유기농업 농가에서는 100% 유기농 사료로 동물을 사육해야 함.  - 항생제는 최후의 수단으로만 사용: 유기농업 농가에서의 항생제 사용은 엄격히 제한됨. 고통을 덜어 줄 목적으로, 또는 천연 치료제가 효과적이지 않을 때에는 동물의 건강을 위해 절대적으로 필요한 경우에 항생제를 사용할 수 있음. 일반적인 사육농가에서는 항생제가 예방수단으로서 사용되나, 유기농업 농가에서는 최후의 수단으로 사용되는 것. 한편 최근 연구들에 따르면 항생제 사용이 줄고 있는 것으로 나타남. EU 내 동물 항생제 판매는 2011년~2018년간 34% 이상 감소했음. - 더 나은 동물후생 보장 :유기농업 농가에서는 적절한 외부공간을 제공하는 등 동물 본연의 특성을 드러낼 수 있도록 필요한 환경적 조건을 동물에 제공해야 함. 일반 사육농가에서는 이러한 점이 의무적인 사항은 아님. 이 외에 유기농업 농가에서는 동물 우리 설치가 금지되고, 절대적으로 건강을 위한 경우에만 동물을 절단할 수 있음.   유기농 식품에 대한 오해 -유기농식품은 로컬푸드 (X) : 유럽인의 유기농식품을 소비량은 전세계 2위를 차지함. 수요가 많은 만큼 많은 양의 유기농식품이 수입되고 있음. 따라서 유기농식품이 모두 로컬푸드는 아님. EU의 주요 유기농식품 교육국은 중국, 우크라이나, 도미니카공화국, 에콰도르임. - 친환경 표시는 유기농식품이라는 뜻 (△) : 제품 포장에 ‘내추럴(natural)’, ‘그린(green)’, ‘에코(eco)’ 표시가 해당 제품이 100% 유기농 제품이라는 뜻은 아님. - 유기농식품은 건강한 식품(△) : 유기농식품의 종류는 햄버거, 피자, 치즈, 와인 등 매우 다양함. 유기농식품이라고 해서 지방, 나트륨, 당이 없다는 뜻이 아니므로, 유기농식품 여부를 떠나 해당 성분들이 과다 함유된 식품은 건강에 해로움.  '진짜' 유기농 식품 구매 방법EU 공식 로고 표시가 있는지 확인할 것. EU 공식 로고는 식품의 생산, 가공, 제조, 유통과정에서 모든 유기농 관련 규정을 준수했으며, 제품에 유기농성분이 최소 95% 함유되었음을 의미함. EU 승인기관에 의해 증명된 경우에만 해당 로고를 표시할 수 있음. 프랑스 등  일부 국가에서 자체 유기농 표시를 개발해 사용 중이나 의무 표시가 아님.   한편 유기농 생산에 대한 EU 규정은 2022년에 더 엄격하게 개정될 예정이며, 소금, 코로크 등과 더불어 곤충도 유기농식품으로 인정받아 유기농식품이 확대될 것으로 예상됨. 또한 EU는 ‘농장에서 식탁까지(Farm to Fork)’ 전략의 일환으로 유기농 생산을 증가시킬 계획임. 2019년에 EU 전 토지의 9%가 유기농법에 사용됐으나 2030년까지 이를 25%까지 확대하고, 유해한 화학제품 및 위험한 농약 사용도 50% 감축하는 것을 목표로 하고 있음. 더불어 유기농식품에 쉽게 접근할 수 있도록 가격을 낮추고자 함. "
1749,0.1471,0.147216796875,100.0,0.0005,화학적 위해요소,OOD,"영국 정부의 아크릴아마이드 주의 경고, 과잉반응이라고 비판받아 영국 정부는 사람들에게 바삭하게 구운 감자나 토스트가 암과 관련이 있다는 과학적 근거가 없음에도 불구하고 해당 식품 섭취를 자제하라고 권고하며 ""지나치게 과잉 반응""하고 있다는 비판에 직면했음. 전문가들은 일요일 밤, 식품기준청(FSA)의 아크릴아마이드 신규 캠페인이 비만 대응과 같은 ""진정한"" 공중보건 관련 우선순위 사안에 대한 지원을 약화시킬 수 있다고 경고함. 정부의 공식 지침은 일부 식품 중에서 섭씨 120도 이상의 뜨거운 온도에서 요리될 때 발생하는 화학물질인 아크릴아마이드에 대한 인식 제고를 목표로 함.  지침에 따르면 탄 구운감자, 감자칩, 뿌리 식물, 곡류기반 식품 등을 섭취하지 않음으로써 암 발생 위험을 줄일 수 있음. 그러나 이러한 조언은 아크릴아마이드가 인체 중 암을 유발할 수 있음을 확인하는 연구가 아닌 쥐를 대상으로 한 실험 결과에 근거를 둠.  식품기준청에 따르면 사람들은 감자를 굽기 전에 부풀리지 말아야 함. 이러한 조리법은 많은 사람들이 선호하지만, 식품의 표면적을 넓히고 갈색으로 구워진 바삭한 부분을 극대화하기 때문에 아크릴아마이드 노출 위험이 더욱 증가함.  또한, 가이던스는 구운 감자와 채소가 갈색 빛깔로 타는 것을 방지하기 위해 해당 식품을 45분 동안 예열된 오븐 속에서 15분마다 뒤집어주어야 한다고 권고함. 캠브리지대 한 교수에 따르면 이러한 캠페인은 적절하지 못함. 교수는 ""충분하고 견고한 계량적 근거에 기초하지 않은 공중보건 캠페인에 대해 양면적인 태도를 갖게 된다. 삶에서 많은 것들이 위험을 증가시키지만 위험을 중요하게 만드는 것은 위험의 크기이다""라고 전했음. 전 보수당 보건부 장관은 데일리 텔레그래프와의 인터뷰에서 ""모든 연구가 수행되기에 앞서 정부가 캠페인을 발족한 것으로 보이기 때문에 사람들이 이번 캠페인을 보고 혼란스러워 할 것으로 예상된다""고 전했음."
2156,0.1471,0.147216796875,100.0,0.0005,안전위생,OOD,"리투아니아, 182종 식물 수입 금지해 리투아니아가 유럽집행위에 식품 보충제에 쓰이는 182종의 식물 수입을 금지하겠다고 밝힘. 금지 목록에는 독미나리와 같은 독성 식물이 포함되어 있긴 하지만, 성 요한의 풀(하이페리쿰 퍼포라튬) 이나 인도 인삼과 같은 유명 허브도 포함되어 있음. 하지만 사실상 발트해 국가는 유럽연합 상호인정의무에 따라 이들 작물을 수입해야 함.  이들 작물의 수입을 금지한 다른 회원국이 있기도 함. 하지만 이번에 리투아니아가 해당 작물들을 금지 목록에 기재한 것에는 뚜렷한 이유가 명시되지 않음. Patric Coppens FSE(Food Supplements Europe) 과학 및 의약품 허가부 국장은 이에 대한 명확한 금지 사유가 있어야 한다고 밝힘.  이태리 Indena사와 프랑스 Naturex 사는 리투아니아가 이미 식품 보충제로 타 유럽 연합 국가에서 널리 사용되고 있는 품목을 금지한 행동에 대해 유럽 연합 내 상호 보완적으로 진행되는 자유 무역 흐름에 ""퇴보"" 하는 행동이라고 비판. "
473,0.1471,0.147216796875,100.0,0.0005,생물학적 위해요소,OOD,"미국, 카프리 썬 주스제품에서 곰팡이 발견 미국 위스콘신주에 뉴 베를린에 거주하는 한 소비자 수잔 호그(Suzanne Hogue)는 그녀의 5살 난 아들의 주스박스 제품에서 곰팡이를 발견했다고 본 방송사(FOX6′s Contact 6)에 알렸음. 그녀는 아들에게 줄 주스를 컵에 따랐는데 컵 안에 내용물은 갈색의 검고, 녹색을 띄었다고 함. 전문가는 주스박스에서의 곰팡이 성장은 아마 공기 중에 노출되어 일어날 수 있는 현상이라고 말했음. 미국 전역에 걸친 소비자들이 주스박스와 파우치 제품에서 곰팡이를 발견한 것과 관련해 항의하고 있지만 업체는 포장과정이 문제라고 지적하면서 브랜드 자체는 문제되지 않는다고 함. 크라프트(Kraft)(사)의 카프리 썬(Capri Sun)은 포장 시스템에 큰 변화를 주고 있음. 이번달 새로 출시된 새로운 파우치에는 깨끗한 내용물을 확인할 수 있을 것임. 카프리 썬 웹사이트에 올라오는 가장 빈번한 질문은 ""곰팡이 때문에 이러한 변화를 준 것인가?"" 였음.이에 카프리 썬은 ""우리는 여러가지 이유로 포장시스템에 변화를 주었다. 미국의 어머니 소비자들은 합성 보존료·착향제·향미료가 첨가되지 않은 카프리 썬 주스음료를 좋아한다고 말하고 있다. 하지만 그들은 파우치의 내용물을 보기를 원한다. 어린이들이 좋아하는 카프리 썬이 좋은 성분만 함유하고 있다는 것을 무(無)침전물로써 쉽게 확인할수 있을 것이다.""라고 답변했음."
1147,0.1471,0.147216796875,100.0,0.0005,안전위생,OOD,"미국 제네럴밀스, 2025년까지 방사란 사용에 동참 미국 제네럴밀스가 2025년까지 전세계 영업망에 방사란만을 사용하겠다는 새로운 사내 방침을 밝혔음.  제너럴밀스의 이 같은 입장은 최근 식품 제조업체인 유니레버, 켈로그, 펩시, 사라 리, 펩시 외에도 식품접객업소인 소덱소, 패스트푸드업체인 맥도날드와 버거킹, 소매점인 월마트, 알디 등이 이와 유사한 약속을 다짐한 이후에 이루어졌음.  제네럴밀스 측은 일본과 태국, 호주, 독일, 프랑스, 러시아, 이스라엘, 브라질, 멕시코 등 전세계 100여 개국에서 판매하는 자사의 전 제푸에 적용하겠다고 설명했으며, 이에 따라 베티 크로커 베이킹 제품과 케이크 믹스, 하겐 다즈 아이스크림이 포함됨.  방사란으로 전환하고 있는 업체들은 소비자들이 인도적인 처리를 선호하는 경향을 반영한 것이라 말하고 있지만 실제 방사라고 해서 닭들이 자유롭게 활동할 수 있는 것은 아님.  미국 농무부는 방사 닭을 갇힌 공간에서 자유롭게 돌아다니는 개체로, 반드시 야외에 나가지 않아도 된다고 밝힌 바 있음. 이 외에도 제 0회 순회항소법원은 앞서 2월 27일, 방사 암탉이 식품 안전이나 영양가를 향상시키지는 않는다고 판결한 바 있음. "
56,0.1471,0.147216796875,100.0,0.0005,안전위생,OOD,"미국 회계감사원, 식품의 제조, 포장, 운송에 사용되는 물질에 대한 식품의약품청의 감독 강화하도록 권고해 미국 식품의약품청(FDA)은 식품 가공 및 포장에 사용되는 물질을 처음 사용하기 이전에 이러한 물질에 대한 안전성을 검토함. 물질이 건강상 위험을 초래할 수도 있다는 새로운 정보가 있을 경우, FDA는 새로운 정보를 기반으로 해당 물질을 재평가할 것임. 그러나 FDA는 FDA가 검토를 위해 필요할 수 있는 정보를 제공하도록 산업체에 요구하는 특정 권한이 없으므로 재평가가 불가능할 수 있음. [권고사항]미국 회계감사원(GAO)는 FDA에 다음의 두 가지를 권고함.(1) 물질의 안전성을 재평가하는데 필요한 정보를 제공하도록 산업체에 요구하는 특정 법적 권한을 의회에 요청한다.(2) FDA가 시판 후 검토를 필요로 할 수 있는 물질을 쉽게 식별할 수 있도록 모든 식품접촉물질에 대한 마지막 검토일을 추적한다. (*) 보고서 원문: https://www.gao.gov/assets/gao-23-104434.pdf"
1514,0.1471,0.147216796875,100.0,0.0005,안전위생,OOD,"[회수]호주 Glute Master Pty Ltd, ARTG 미등재 제품 판매로 비타민 D 함유 제품 등 회수 - 일자: 2023.1.4(회수조치시행일)- 제품명 및 설명: Shred Maxx, Shred Maxx Male, Shred Maxx Super Strength, Glow Maxx, Cli Maxx, X Maxx and GMax> 모든 배치> ARTG에 등재되어 있지 않음(불법 공급)- 회수사(Responsible Entity(*)):  * 회수 조치의 책임이 있는 스폰서/공급자/수입자를 나타냄- 회수사유: ARTG에 등록되지 않은 채, 치료목적(therapeutic) 사용으로 제품들을 공급하여, Glute Master Pty Ltd 는 Shred Maxx, Shred Maxx Male, Shred Maxx Super Strength, Glow Maxx, Cli Maxx, X Maxx and GMax의 전 배치를 회수함. Glow Maxx는 하루에 캡슐 당 비타민 D를 1000 mcg 함유하는 것으로 나왔음. 하루에 비타민 D 1000 mcg를 섭취하는 것은 하루에 비타민 D 40,000 IU(International Units)을 섭취하는 것과 동일함. 해당 수준으로 매일 비타민 D를 섭취하는 것은 소비자에게 독성이 있고 안전하지 않을 수 있음.- 기타: Glute Master Pty Ltd는 호주 내에서 판매된 수량이나 어디로 판매되었는지 알 수 없음"
206,0.1471,0.147216796875,100.0,0.0005,안전위생,OOD,"호주 공영방송, 2011년부터 허브 보충제 관련해 최소 6명이 장기이식 받은 것으로 보여 호주 공영방송 'ABC'는 지난 5년간 호주에서 최소 6명이 허브 보충제를 복용한 이후에 장기이식을 받아야 했다고 보도했음. 이 방송은 장기 기증관련 자료를 통해 2011년 이후 허브 보충제 복용 이후 병을 얻은 사람에게 각각 세 건의 간 이식과 신장 이식이 이루어진 것으로 나타났다고 전했음. 이번 보도자료는 웨스트 오스트레일리아에 거주하던 한 남성이 본 방송사에 녹차와 가르시니아 캄보지아라는 열대 과일이 들어간 단백질 분말을 복용한 것이 자신의 간에 문제가 생긴 이유인 것 같다고 밝힌 것과 관련됨. 장기 기증관련 기관들은 이 자료는 장기 이식으로 이어진 개연성이 있는 근거를 의사들이 확인할 수 있어 문서화한 사례들만 언급하고 있다고 본 방송사에 전했음. 단, 이들 자료에서는 장기 손상을 일으킨 허브 보충제의 종류에 관한 것이나 질환 원인이 확실성 여부는 명시하지 않고 있음. 간 이식 전문가인 닉 새클 박사는 허브 보충제와 관련한 간부전 및 간 이식 사례를 다수 다룬 경험이 있다면서 많은 사례의 환자들이 녹차추출물을 섭취했었다고 함. 한편, 호주식품의약품안전청(TGA)은 검토 확대 일환으로 간부전 사례를 조사하고 있음. 청 대변인은 장기 기증 관련자료를 얻기 위해 관계기관과 접촉할 예정이며 보충의약품에서 특정 허브 추출물의 허용기준치를 축소 등의 조치를 포함시킬 가능성이 있다고 전했음."
1678,0.1471,0.147216796875,100.0,0.0005,안전위생,OOD,"호주-뉴질랜드 보건부 장관, 생유 섭취 금지 촉구  호주와 뉴질랜드 보건 장관들이 생유 섭취를 금지하기 위한 긴급 대책이 필요하다고 말했음.  식품 기준 관련 각료들이 모이는 호주뉴질랜드 식품규제 각료회의가 지난주 뉴질랜드에서 개최되었음. 장관들은 이 자리에서 '목욕용 우유'로 판매한 비저온살균 우유를 섭취하는 것에 대해 우려를 표명했음.  회의에서 호주는 생유를 섭취하지 않도록 방지하는 국가적 차원의 긴급 대책이 필요하다는 의견이 나왔음. 이에 따라, 소비자 법률거버넌스회의에서 합동 공중보건, 식품안전, 소비자 법률 캠페인을 마련토록 요청하자는데 합의했음.  각료회의는 ""실무단이 구출될 예정이며, 공중보건 보호를 위한 긴급 임시 대책부터 살펴볼 것""이라고 밝혔음.  지난주 토요일에는 멜버른에서 생유에 고미제를 첨가하도록 한 새로운 빅토리아주 요건을 반대하는 시위가 열리기도 했음. 빅토리아주는 생유를 화장품으로 판매할 수 있지만 식용은 금지하고 있음. 빅토리아주 정부는 지난해 화장품용 비저온살균유를 마신 3세 아이가 사망하고, 어린이 여러 명이 피해를 입자, 비저온살균유에 고미제를 첨가하는 요건을 도입했음.  한편, 이 날 회의에서는생유로 만든 각종 치즈를 허용토록 한 식품공전 개정(안)을 수용하기로 합의했음. 2002년도부터 끌어왔던 터라 치즈 제조업체와 치즈 애호가들이 환영했음. "
1342,0.1471,0.147216796875,100.0,0.0005,화학적 위해요소,OOD,"캐나다, 영아용 시리얼제품의 산도조절제로 탄산칼슘 사용 허가 캐나다 보건부의 식품 총국은 '영아용 시리얼 제품(Infant Cereal Products)'의 산도 조절제로 탄산칼슘 사용 허가(안)에 대한 상세 안전성 평가를 완료했음. 탄산칼슘은 이미 캐나다에서 일부 표준화 식품(standardized foods)뿐 아니라 비표준화식품의 산도 조절제로 사용하는데 대한 허가가 나 있음. 캐나다 보건부가 수행한 과학자료 평가 결과는 청원인이 요청한대로 영아용 시리얼 제품에 사용될 경우 탄산칼슘의 안전성을 지지함. 이번 평가를 통해 제기된 안전성 우려가 없으므로, 보건부는 '산도조절제, 산반응물질, 물보정제 허가 리스트(List of Permitted pH Adjusting Agents, Acid-Reacting Materials and Water Correcting Agents(*))'정보문서에 명시된대로 식품 첨가물을 사용할 수 있도록 함. 보건부는 당국의 결정을 대중에게 공개하고 관련 질의나 새로운 과학정보를 제출하고자 하는 자가 연락을 취할 적절한 정보를 제공함. (*): http://www.hc-sc.gc.ca/fn-an/securit/addit/list/10-ph-eng.php"
1138,0.1471,0.147216796875,100.0,0.0005,안전위생,OOD,"유럽식품안전청, 2018년도 인수공통감염병, 항생제내성, 집단식중독 관련 데이터 보고 관련 용어 가이드라인 안내 유럽식품안전청(EFSA)은 인수공통감염병, 항생제내성, 집단식중독 보고 관련 용어 가이드라인을 제공하는 기술보고서를 게재했음. 동 보고서는 2018년도 정보 보고를 위한 용어 사전으로, EFSA의 데이터 수집 체계(DCF)를 통한 XML 데이터 전송에 사용되는 개별 데이터 요소에 대해 상세 설명을 제공함. *전문: https://efsa.onlinelibrary.wiley.com/doi/epdf/10.2903/sp.efsa.2019.EN-1557"
